Date/Time,Latitude,Longitude,Water Temperature (*C),Water Temperature (*F),Water Flow (L/hour),Impurities in water (ppm),Atmospheric Temperature (*C),Atmospheric Pressure (Pa),Altitude of Ship (m),pH of Water
18:06.3,47.1744301667*N,27.5392986667*E,022.56`C,072.61`F,0,181.43,0024.27`C,101012.2,26.08,8.34
18:12.9,47.174426*N,27.5393006667*E,022.56`C,072.61`F,0,181.43,0024.27`C,101013.06,26.01,8.36
18:19.5,47.1744298333*N,27.5393036667*E,022.50`C,072.50`F,0,181.43,0024.26`C,101012.66,26.04,8.46
18:26.2,47.1744203333*N,27.5393083333*E,022.56`C,072.61`F,0,181.43,0024.26`C,101012.47,26.05,8.33
18:32.8,47.1744176667*N,27.5393101667*E,022.50`C,072.50`F,0,181.43,0024.25`C,101011.72,26.12,8.42
18:39.4,47.174408*N,27.5393103333*E,022.50`C,072.50`F,0,179.71,0024.26`C,101012.09,26.08,8.36
18:46.0,47.1744066667*N,27.5393095*E,022.50`C,072.50`F,FURTHER TESTING,FURTHER TESTING,FURTHER TESTING,101012.63,26.04,8.46
18:52.6,47.1744046667*N,27.5393071667*E,022.56`C,072.61`F,FURTHER TESTING,179.71,FURTHER TESTING,101012.61,26.04,8.42
18:59.2,47.1746283333*N,27.5398421667*E,022.50`C,072.50`F,FURTHER TESTING,179.71,FURTHER TESTING,101013.5,25.97,8.4
19:05.8,47.174629*N,27.539844*E,022.50`C,072.50`F,FURTHER TESTING,179.71,FURTHER TESTING,101013.96,25.93,8.34
TESTING,TESTING,TESTING,TESTING,TESTING,TESTING,TESTING,TESTING,TESTING,TESTING,TESTING
19:18.9,47.1746406667*N,27.5398456667*E,022.50`C,072.50`F,0,179.71,0024.24`C,101015.25,25.82,8.24
19:25.4,47.1746406667*N,27.5398501667*E,022.50`C,072.50`F,0,179.71,0024.24`C,101015.91,25.77,8.4
19:31.9,47.1746395*N,27.5398515*E,022.50`C,072.50`F,0,179.71,0024.24`C,101016.05,25.75,8.34
19:38.4,47.1746356667*N,27.5398533333*E,022.50`C,072.50`F,0,179.71,0024.24`C,101016.23,25.74,8.45
19:44.9,47.1746303333*N,27.5398573333*E,022.50`C,072.50`F,0,179.71,0024.23`C,101016.03,25.76,8.28
19:51.5,47.1746256667*N,27.539866*E,022.50`C,072.50`F,0,179.71,0024.23`C,101016.34,25.73,8.45
19:58.0,47.1746628333*N,27.5397911667*E,022.50`C,072.50`F,0,179.71,0024.23`C,101015.6,25.79,8.39
20:08.5,47.1747358333*N,27.5398131667*E,022.50`C,072.50`F,0,179.71,0024.21`C,101016.81,25.69,8.37
20:15.1,47.1749371667*N,27.5398373333*E,022.50`C,072.50`F,0,179.71,0024.20`C,101017.3,25.65,8.38
20:21.8,47.175098*N,27.5399031667*E,022.50`C,072.50`F,0,179.71,0024.20`C,101018.33,25.56,8.3
20:28.4,47.174941*N,27.5397731667*E,022.50`C,072.50`F,0,179.71,0024.20`C,101017.98,25.59,8.38
20:35.0,47.1748583333*N,27.5397991667*E,022.50`C,072.50`F,0,179.71,0024.21`C,101017.84,25.61,8.33
20:41.6,47.174761*N,27.5398125*E,022.50`C,072.50`F,0,177.99,0024.21`C,101017.5,25.64,8.33
20:48.2,47.1747035*N,27.539828*E,022.50`C,072.50`F,0,177.99,0024.21`C,101017.5,25.64,8.42
20:54.8,47.1746738333*N,27.5398245*E,022.50`C,072.50`F,0,177.99,0024.21`C,101017.5,25.64,8.38
21:01.4,47.1746476667*N,27.5398285*E,022.50`C,072.50`F,0,179.71,0024.21`C,101017.67,25.62,8.4
21:07.9,47.1746426667*N,27.5398201667*E,022.50`C,072.50`F,0,179.71,0024.21`C,101017.88,25.6,8.46
21:14.5,47.1747983333*N,27.539684*E,022.50`C,072.50`F,0,179.71,0024.21`C,101017.88,25.6,8.33
21:21.0,47.174917*N,27.5395795*E,022.50`C,072.50`F,0,177.99,0024.21`C,101018.59,25.54,8.38
21:27.5,47.175007*N,27.5395248333*E,022.50`C,072.50`F,0,176.26,0024.21`C,101018.42,25.56,8.39
21:34.0,47.1750668333*N,27.5394986667*E,022.50`C,072.50`F,0,177.99,0024.21`C,101018.77,25.53,8.46
21:40.5,47.175098*N,27.5395003333*E,022.50`C,072.50`F,0,177.99,0024.21`C,101019.11,25.5,8.4
21:47.0,47.175109*N,27.5395325*E,022.50`C,072.50`F,0,177.99,0024.21`C,101019.11,25.5,8.36
21:53.6,47.1750288333*N,27.539622*E,022.50`C,072.50`F,0,177.99,0024.21`C,101018.42,25.56,8.33
22:00.1,47.174946*N,27.5396868333*E,022.50`C,072.50`F,0,176.26,0024.21`C,101018.42,25.56,8.41
22:06.7,47.1748736667*N,27.5396888333*E,022.50`C,072.50`F,0,176.26,0024.22`C,101018.45,25.56,8.46
22:13.3,47.1748261667*N,27.5397028333*E,022.50`C,072.50`F,0,176.26,0024.22`C,101018.63,25.54,8.47
22:20.0,47.1747896667*N,27.5397106667*E,022.50`C,072.50`F,0,176.26,0024.22`C,101018.63,25.54,8.37
22:26.6,47.1747678333*N,27.5397226667*E,022.50`C,072.50`F,0,176.26,0024.22`C,101019.48,25.47,8.37
22:33.2,47.174753*N,27.53973*E,022.50`C,072.50`F,0,176.26,0024.22`C,101019.66,25.46,8.43
22:39.8,47.1747361667*N,27.5397388333*E,022.50`C,072.50`F,0,176.26,0024.22`C,101019.52,25.47,8.33
22:46.4,47.1747303333*N,27.5397516667*E,022.50`C,072.50`F,0,176.26,0024.22`C,101018.84,25.52,8.39
22:53.0,47.174726*N,27.539769*E,022.50`C,072.50`F,0,176.26,0024.22`C,101017.98,25.59,8.36
22:59.7,47.1747318333*N,27.539687*E,022.56`C,072.61`F,0,176.26,0024.22`C,101017.47,25.64,8.43
23:06.3,47.1747295*N,27.539629*E,022.56`C,072.61`F,0,176.26,0024.23`C,101018.05,25.59,8.29
23:12.8,47.174714*N,27.5395935*E,022.56`C,072.61`F,0,176.26,0024.23`C,101018.05,25.59,8.39
23:19.3,47.1747533333*N,27.5395995*E,022.56`C,072.61`F,0,176.26,0024.23`C,101017.9,25.6,8.38
23:25.8,47.1747508333*N,27.5396373333*E,022.56`C,072.61`F,0,176.26,0024.23`C,101018.07,25.59,8.35
23:32.4,47.1747705*N,27.5396996667*E,022.56`C,072.61`F,0,176.26,0024.23`C,101018.1,25.58,8.47
23:38.9,47.1747545*N,27.5397196667*E,022.56`C,072.61`F,0,176.26,0024.24`C,101018.47,25.55,8.41
23:45.4,47.1747421667*N,27.5397526667*E,022.56`C,072.61`F,0,176.26,0024.24`C,101018.3,25.57,8.43
23:51.9,47.1747335*N,27.5397901667*E,022.56`C,072.61`F,0,176.26,0024.24`C,101018.99,25.51,8.45
23:58.4,47.1747098333*N,27.5398283333*E,022.50`C,072.50`F,0,176.26,0024.23`C,101018.79,25.53,8.41
24:04.9,47.174712*N,27.5398591667*E,022.56`C,072.61`F,0,176.26,0024.23`C,101018.94,25.51,8.4
24:11.6,47.1747028333*N,27.5398793333*E,022.50`C,072.50`F,0,176.26,0024.23`C,101018.56,25.55,8.39
24:18.2,47.1746788333*N,27.5398995*E,022.50`C,072.50`F,0,176.26,0024.23`C,101018.36,25.56,8.38
24:24.8,47.1746693333*N,27.5399195*E,022.50`C,072.50`F,0,176.26,0024.22`C,101017.81,25.61,8.35
24:31.4,47.1746573333*N,27.5399223333*E,022.50`C,072.50`F,0,176.26,0024.22`C,101018.3,25.57,8.42
24:38.0,47.1746538333*N,27.5399353333*E,022.50`C,072.50`F,0,176.26,0024.22`C,101018.63,25.54,8.35
24:44.6,47.1747756667*N,27.5398301667*E,022.50`C,072.50`F,0,176.26,0024.21`C,101018.56,25.55,8.4
24:51.2,47.174877*N,27.539799*E,022.50`C,072.50`F,0,176.26,0024.21`C,101018.91,25.52,8.46
24:57.9,47.174963*N,27.539801*E,022.50`C,072.50`F,0,176.26,0024.21`C,101019.25,25.49,8.44
25:04.5,47.1749298333*N,27.5397596667*E,022.50`C,072.50`F,0,176.26,0024.21`C,101019.42,25.47,8.35
25:11.0,47.1749165*N,27.5397868333*E,022.50`C,072.50`F,0,176.26,0024.21`C,101019.59,25.46,8.4
25:17.5,47.175013*N,27.5397716667*E,022.50`C,072.50`F,0,177.99,0024.21`C,101019.42,25.47,8.4
25:24.0,47.1751155*N,27.539784*E,022.50`C,072.50`F,0,177.99,0024.21`C,101019.8,25.44,8.36
25:30.5,47.1751776667*N,27.5397933333*E,022.50`C,072.50`F,0,177.99,0024.21`C,101019.8,25.44,8.44
25:37.1,47.1752226667*N,27.5398035*E,022.50`C,072.50`F,0,177.99,0024.21`C,101019.22,25.49,8.39
25:43.6,47.175255*N,27.5398138333*E,022.50`C,072.50`F,0,177.99,0024.21`C,101019.4,25.48,8.34
25:50.1,47.175283*N,27.5398176667*E,022.50`C,072.50`F,0,177.99,0024.20`C,101019.37,25.48,8.42
25:56.6,47.1751226667*N,27.5396585*E,022.50`C,072.50`F,0,177.99,0024.20`C,101019.86,25.44,8.41
26:03.1,47.1750398333*N,27.5396966667*E,022.50`C,072.50`F,0,177.99,0024.20`C,101019.66,25.46,8.31
26:09.8,47.1749345*N,27.5397016667*E,022.50`C,072.50`F,0,177.99,0024.20`C,101020.17,25.41,8.36
26:16.4,47.1748666667*N,27.539725*E,022.44`C,072.39`F,0,177.99,0024.19`C,101019.97,25.43,8.35
26:23.0,47.1748275*N,27.5397431667*E,022.50`C,072.50`F,0,177.99,0024.19`C,101019.97,25.43,8.47
26:29.6,47.1747936667*N,27.5397686667*E,022.44`C,072.39`F,0,176.26,0024.19`C,101019.97,25.43,8.41
26:36.2,47.1747648333*N,27.53979*E,022.44`C,072.39`F,0,177.99,0024.19`C,101019.63,25.46,8.35
26:42.8,47.1747313333*N,27.5398126667*E,022.44`C,072.39`F,0,177.99,0024.19`C,101019.25,25.49,8.39
26:49.5,47.1747136667*N,27.5398243333*E,022.44`C,072.39`F,0,176.26,0024.19`C,101019.94,25.43,8.36
26:56.1,47.1746906667*N,27.5398396667*E,022.44`C,072.39`F,0,174.54,0024.19`C,101020.12,25.42,8.36
27:02.7,47.1748055*N,27.5397801667*E,022.44`C,072.39`F,0,174.54,0024.19`C,101020.12,25.42,8.22
27:09.2,47.1748695*N,27.539763*E,022.44`C,072.39`F,0,174.54,0024.19`C,101020.09,25.42,8.37
27:15.7,47.1749161667*N,27.5397528333*E,022.44`C,072.39`F,0,174.54,0024.19`C,101020.27,25.4,8.47
27:22.2,47.1749511667*N,27.539753*E,022.44`C,072.39`F,0,174.54,0024.19`C,101020.23,25.41,8.4
27:28.8,47.1749081667*N,27.5397388333*E,022.44`C,072.39`F,0,176.26,0024.19`C,101020.06,25.42,8.45
27:35.3,47.1748365*N,27.5397513333*E,022.44`C,072.39`F,0,174.54,0024.19`C,101020.06,25.42,8.32
27:41.8,47.174781*N,27.5397456667*E,022.44`C,072.39`F,0,174.54,0024.18`C,101020.03,25.42,8.45
27:48.3,47.1747371667*N,27.539746*E,022.44`C,072.39`F,0,174.54,0024.18`C,101019.83,25.44,8.36
27:54.8,47.174698*N,27.5397458333*E,022.44`C,072.39`F,0,174.54,0024.18`C,101020.17,25.41,8.44
28:01.4,47.1746606667*N,27.539746*E,022.38`C,072.27`F,0,174.54,0024.18`C,101020.17,25.41,8.45
28:08.0,47.1746341667*N,27.5397498333*E,022.44`C,072.39`F,0,174.54,0024.18`C,101019.97,25.43,8.34
28:14.6,47.1745951667*N,27.5397715*E,022.44`C,072.39`F,0,174.54,0024.17`C,101020.13,25.42,8.48
28:21.2,47.1745701667*N,27.5397898333*E,022.38`C,072.27`F,0,174.54,0024.17`C,101020.09,25.42,8.38
28:27.8,47.1745706667*N,27.5397926667*E,022.38`C,072.27`F,0,174.54,0024.17`C,101019.92,25.43,8.35
28:34.4,47.17456*N,27.5398085*E,022.38`C,072.27`F,0,174.54,0024.17`C,101019.57,25.46,8.45
28:41.0,47.1745416667*N,27.5398315*E,022.44`C,072.39`F,0,174.54,0024.17`C,101019.2,25.49,8.44
28:47.7,47.1745573333*N,27.5398223333*E,022.38`C,072.27`F,0,174.54,0024.17`C,101018.86,25.52,8.4
28:54.3,47.1745443333*N,27.5398391667*E,022.44`C,072.39`F,0,174.54,0024.17`C,101018.88,25.52,8.37
29:00.9,47.1746756667*N,27.5397265*E,022.44`C,072.39`F,0,174.54,0024.17`C,101018.74,25.53,8.45
29:07.4,47.1747036667*N,27.5397515*E,022.44`C,072.39`F,0,174.54,0024.18`C,101018.77,25.53,8.39
29:13.9,47.1746663333*N,27.5397898333*E,022.44`C,072.39`F,0,174.54,0024.18`C,101018.42,25.56,8.31
29:20.4,47.1746233333*N,27.5398193333*E,022.44`C,072.39`F,0,174.54,0024.18`C,101018.25,25.57,8.46
29:27.0,47.1746306667*N,27.5398045*E,022.44`C,072.39`F,0,174.54,0024.18`C,101018.63,25.54,8.31
29:33.5,47.1746315*N,27.5398026667*E,022.44`C,072.39`F,0,174.54,0024.18`C,101018.45,25.56,8.4
29:40.0,47.1746421667*N,27.5397976667*E,022.44`C,072.39`F,0,174.54,0024.18`C,101018.63,25.54,8.41
29:46.5,47.1746398333*N,27.5398245*E,022.38`C,072.27`F,0,174.54,0024.18`C,101018.63,25.54,8.39
29:53.0,47.1746301667*N,27.5398445*E,022.44`C,072.39`F,0,174.54,0024.18`C,101017.77,25.61,8.46
29:59.6,47.1746068333*N,27.5398743333*E,022.44`C,072.39`F,0,174.54,0024.18`C,101018.11,25.58,8.41
30:06.1,47.1748125*N,27.5396298333*E,022.44`C,072.39`F,0,174.54,0024.18`C,101018.48,25.55,8.44
30:12.7,47.1748361667*N,27.5396475*E,022.44`C,072.39`F,0,174.54,0024.18`C,101017.96,25.6,8.47
30:19.3,47.1747641667*N,27.5397183333*E,022.44`C,072.39`F,0,174.54,0024.18`C,101017.79,25.61,8.43
30:25.9,47.1747186667*N,27.5397878333*E,022.44`C,072.39`F,0,174.54,0024.19`C,101018.33,25.56,8.44
30:32.5,47.174672*N,27.539848*E,022.44`C,072.39`F,0,174.54,0024.19`C,101018.16,25.58,8.36
30:39.1,47.1746476667*N,27.5398806667*E,022.44`C,072.39`F,0,174.54,0024.19`C,101018.16,25.58,8.45
30:45.8,47.1746263333*N,27.5398956667*E,022.44`C,072.39`F,0,174.54,0024.19`C,101018.51,25.55,8.43
30:52.4,47.1746121667*N,27.5399013333*E,022.38`C,072.27`F,0,174.54,0024.18`C,101017.94,25.6,8.34
30:59.0,47.1745875*N,27.5399148333*E,022.38`C,072.27`F,0,174.54,0024.18`C,101018.63,25.54,8.41
31:05.6,47.1745731667*N,27.53992*E,022.38`C,072.27`F,0,174.54,0024.17`C,101019.26,25.49,8.41
31:12.1,47.1745651667*N,27.5399186667*E,022.38`C,072.27`F,0,174.54,0024.17`C,101019.55,25.46,8.35
31:18.7,47.1745648333*N,27.539915*E,022.38`C,072.27`F,0,174.54,0024.16`C,101018.97,25.51,8.36
31:25.2,47.1745651667*N,27.5399126667*E,022.38`C,072.27`F,0,174.54,0024.16`C,101018.94,25.51,8.39
31:31.7,47.1745683333*N,27.5399111667*E,022.38`C,072.27`F,0,174.54,0024.15`C,101018.54,25.55,8.28
31:38.2,47.174698*N,27.5398101667*E,022.38`C,072.27`F,0,174.54,0024.15`C,101018.66,25.54,8.32
31:44.7,47.1747995*N,27.5397495*E,022.38`C,072.27`F,0,174.54,0024.15`C,101018.28,25.57,8.39
31:51.2,47.1748721667*N,27.5397318333*E,022.38`C,072.27`F,0,174.54,0024.14`C,101018.8,25.53,8.43
31:57.8,47.1749356667*N,27.5397273333*E,022.38`C,072.27`F,0,174.54,0024.14`C,101018.94,25.51,8.35
32:04.3,47.1748385*N,27.5397446667*E,022.38`C,072.27`F,0,174.54,0024.14`C,101018.91,25.52,8.33
32:10.9,47.174775*N,27.5397663333*E,022.38`C,072.27`F,0,174.54,0024.13`C,101018.69,25.53,8.37
32:17.5,47.1747376667*N,27.5397786667*E,022.38`C,072.27`F,0,174.54,0024.13`C,101018.31,25.57,8.35
32:24.1,47.174685*N,27.5398255*E,022.38`C,072.27`F,0,174.54,0024.13`C,101018.83,25.52,8.41
32:30.7,47.1748725*N,27.539659*E,022.38`C,072.27`F,0,174.54,0024.13`C,101019.17,25.5,8.39
32:41.4,47.1751066667*N,27.5394783333*E,022.38`C,072.27`F,0,174.54,0024.13`C,101020.06,25.42,8.41
32:48.0,47.1751691667*N,27.5394405*E,022.38`C,072.27`F,0,174.54,0024.14`C,101020.44,25.39,8.42
32:54.6,47.17519*N,27.5394278333*E,022.38`C,072.27`F,0,174.54,0024.13`C,101020.06,25.42,8.33
33:01.3,47.1752021667*N,27.5394155*E,022.38`C,072.27`F,0,174.54,0024.13`C,101020.41,25.39,8.32
33:07.8,47.1752043333*N,27.539432*E,022.38`C,072.27`F,0,174.54,0024.13`C,101020.58,25.38,8.41
33:14.3,47.175203*N,27.539454*E,022.38`C,072.27`F,0,174.54,0024.13`C,101020.76,25.36,8.35
33:20.8,47.1751776667*N,27.5395261667*E,022.38`C,072.27`F,0,174.54,0024.13`C,101021.09,25.33,8.38
33:27.3,47.1751676667*N,27.5395778333*E,022.38`C,072.27`F,0,174.54,0024.14`C,101021.47,25.3,8.43
33:33.8,47.1751566667*N,27.5396223333*E,022.38`C,072.27`F,0,174.54,0024.14`C,101021.3,25.32,8.34
33:40.4,47.1751413333*N,27.5396621667*E,022.38`C,072.27`F,0,174.54,0024.14`C,101021.67,25.29,8.47
33:46.9,47.175127*N,27.5396891667*E,022.38`C,072.27`F,0,174.54,0024.14`C,101022.54,25.21,8.37
33:53.4,47.174938*N,27.5396301667*E,022.38`C,072.27`F,0,174.54,0024.14`C,101021.81,25.27,8.26
33:59.9,47.1748315*N,27.5396323333*E,022.38`C,072.27`F,0,176.26,0024.13`C,101021.79,25.28,8.33
34:06.4,47.1747723333*N,27.5396331667*E,022.38`C,072.27`F,0,176.26,0024.13`C,101021.77,25.28,8.33
34:13.0,47.1747218333*N,27.5396355*E,022.38`C,072.27`F,0,176.26,0024.13`C,101021.96,25.26,8.33
34:19.7,47.174702*N,27.5396403333*E,022.38`C,072.27`F,0,176.26,0024.13`C,101021.45,25.31,8.41
34:26.3,47.1746751667*N,27.5396488333*E,022.38`C,072.27`F,0,176.26,0024.13`C,101021.45,25.31,8.4
34:32.9,47.1746696667*N,27.539682*E,022.38`C,072.27`F,0,176.26,0024.13`C,101020.93,25.35,8.4
34:39.5,47.1747945*N,27.5396568333*E,022.38`C,072.27`F,0,176.26,0024.14`C,101021.3,25.32,8.39
34:46.1,47.1748723333*N,27.5396536667*E,022.38`C,072.27`F,0,176.26,0024.14`C,101021.67,25.29,8.33
34:52.7,47.1748973333*N,27.5396775*E,022.38`C,072.27`F,0,176.26,0024.14`C,101021.7,25.28,8.35
34:59.4,47.1749645*N,27.5396725*E,022.38`C,072.27`F,0,176.26,0024.14`C,101021.19,25.33,8.41
35:06.0,47.1750268333*N,27.5396183333*E,022.38`C,072.27`F,0,176.26,0024.14`C,101021.56,25.29,8.4
35:12.5,47.1751601667*N,27.5394683333*E,022.38`C,072.27`F,0,176.26,0024.14`C,101021.56,25.29,8.43
35:19.0,47.1752691667*N,27.5393668333*E,022.38`C,072.27`F,0,176.26,0024.14`C,101021.02,25.34,8.41
35:25.5,47.1752633333*N,27.5393296667*E,022.38`C,072.27`F,0,176.26,0024.14`C,101021.19,25.33,8.45
35:32.1,47.1751093333*N,27.5394596667*E,022.38`C,072.27`F,0,176.26,0024.14`C,101021.53,25.3,8.39
35:38.6,47.1750236667*N,27.5395491667*E,022.38`C,072.27`F,0,176.26,0024.14`C,101021.53,25.3,8.33
35:45.1,47.1749823333*N,27.5396*E,022.38`C,072.27`F,0,176.26,0024.14`C,101021.36,25.31,8.41
35:51.6,47.1749365*N,27.5396456667*E,022.38`C,072.27`F,0,176.26,0024.14`C,101021.21,25.32,8.41
35:58.1,47.1748676667*N,27.539722*E,022.38`C,072.27`F,0,176.26,0024.14`C,101021.21,25.32,8.38
36:04.6,47.1748288333*N,27.539772*E,022.38`C,072.27`F,0,176.26,0024.14`C,101020.7,25.37,8.41
36:11.3,47.1747921667*N,27.5398175*E,022.38`C,072.27`F,0,177.99,0024.14`C,101020.35,25.4,8.41
36:17.9,47.1747618333*N,27.5398515*E,022.38`C,072.27`F,0,176.26,0024.14`C,101020.52,25.38,8.3
36:24.5,47.1747523333*N,27.5398821667*E,022.38`C,072.27`F,0,176.26,0024.14`C,101020.33,25.4,8.4
36:31.1,47.1747423333*N,27.5399075*E,022.38`C,072.27`F,0,176.26,0024.14`C,101020.33,25.4,8.43
36:37.7,47.1747368333*N,27.5399328333*E,022.38`C,072.27`F,0,176.26,0024.14`C,101020.7,25.37,8.37
36:44.3,47.1747076667*N,27.5399625*E,022.38`C,072.27`F,0,176.26,0024.14`C,101020.52,25.38,8.41
36:50.9,47.1747631667*N,27.5399498333*E,022.38`C,072.27`F,0,176.26,0024.14`C,101020.35,25.4,8.37
36:57.6,47.1748866667*N,27.5398991667*E,022.38`C,072.27`F,0,176.26,0024.14`C,101020.01,25.42,8.41
37:04.2,47.175116*N,27.5398708333*E,022.38`C,072.27`F,0,176.26,0024.15`C,101020.18,25.41,8.38
37:10.7,47.1752276667*N,27.5398901667*E,022.38`C,072.27`F,0,177.99,0024.15`C,101020.38,25.39,8.46
37:17.2,47.175291*N,27.5399071667*E,022.38`C,072.27`F,0,177.99,0024.15`C,101019.89,25.43,8.39
37:23.7,47.17534*N,27.539921*E,022.38`C,072.27`F,0,177.99,0024.15`C,101019.2,25.49,8.28
37:30.3,47.17537*N,27.5399295*E,022.44`C,072.39`F,0,177.99,0024.15`C,101019.03,25.51,8.45
37:36.8,47.1750893333*N,27.5398146667*E,022.38`C,072.27`F,0,177.99,0024.15`C,101018.69,25.53,8.42
37:43.3,47.1749768333*N,27.5398001667*E,022.38`C,072.27`F,0,177.99,0024.15`C,101018.89,25.52,8.39
37:49.8,47.1748935*N,27.5397951667*E,022.38`C,072.27`F,0,177.99,0024.15`C,101018.34,25.56,8.38
37:56.3,47.1748423333*N,27.5397948333*E,022.44`C,072.39`F,0,177.99,0024.15`C,101018.14,25.58,8.42
38:02.9,47.1747946667*N,27.539816*E,022.38`C,072.27`F,0,177.99,0024.15`C,101017.94,25.6,8.38
38:09.5,47.1747665*N,27.5398371667*E,022.44`C,072.39`F,0,177.99,0024.15`C,101018.8,25.53,8.46
38:16.1,47.1747308333*N,27.5398466667*E,022.38`C,072.27`F,0,177.99,0024.14`C,101019.31,25.48,8.39
38:22.7,47.1747088333*N,27.5398455*E,022.38`C,072.27`F,0,176.26,0024.14`C,101019.29,25.48,8.35
38:29.3,47.1747553333*N,27.5397655*E,022.38`C,072.27`F,0,176.26,0024.14`C,101019.27,25.49,8.28
38:36.0,47.1747628333*N,27.5397063333*E,022.38`C,072.27`F,0,176.26,0024.13`C,101019,25.51,8.41
38:56.7,47.1754108333*N,27.53986*E,022.38`C,072.27`F,0,176.26,0024.13`C,101020.24,25.41,8.43
39:07.3,47.1751588333*N,27.5397066667*E,022.38`C,072.27`F,0,177.99,0024.14`C,101020.78,25.36,8.41
39:13.8,47.1750451667*N,27.5396421667*E,022.38`C,072.27`F,0,177.99,0024.13`C,101020.41,25.39,8.36
39:20.3,47.1749885*N,27.5396051667*E,022.38`C,072.27`F,0,177.99,0024.13`C,101020.24,25.41,8.4
39:26.9,47.1749138333*N,27.5395573333*E,022.38`C,072.27`F,0,177.99,0024.13`C,101020.58,25.38,8.4
39:33.4,47.174888*N,27.5395381667*E,022.38`C,072.27`F,0,177.99,0024.13`C,101021.09,25.33,8.41
39:50.0,47.174906*N,27.5395863333*E,022.38`C,072.27`F,0,177.99,0024.13`C,101020.58,25.38,8.39
39:56.5,47.1749243333*N,27.5395875*E,022.38`C,072.27`F,0,177.99,0024.13`C,101020.24,25.41,8.41
40:03.0,47.1750486667*N,27.539647*E,022.38`C,072.27`F,0,177.99,0024.13`C,101020.58,25.38,8.4
40:09.6,47.175104*N,27.5396763333*E,022.38`C,072.27`F,0,177.99,0024.13`C,101020.38,25.39,8.36
40:16.2,47.1751713333*N,27.5397145*E,022.38`C,072.27`F,0,177.99,0024.13`C,101019.69,25.45,8.36
40:22.8,47.1752373333*N,27.5397556667*E,022.38`C,072.27`F,0,176.26,0024.13`C,101019.69,25.45,8.43
40:29.4,47.1752691667*N,27.5397826667*E,022.38`C,072.27`F,0,176.26,0024.13`C,101020.04,25.42,8.46
40:36.1,47.1751998333*N,27.5397628333*E,022.38`C,072.27`F,0,176.26,0024.13`C,101019.66,25.45,8.37
40:42.7,47.1751753333*N,27.5397963333*E,022.38`C,072.27`F,0,176.26,0024.13`C,101020.02,25.42,8.38
40:49.3,47.1752845*N,27.53989*E,022.38`C,072.27`F,0,177.99,0024.12`C,101019.98,25.43,8.38
40:55.9,47.1753655*N,27.539936*E,022.38`C,072.27`F,0,176.26,0024.12`C,101019.95,25.43,8.36
41:02.5,47.1754006667*N,27.5399458333*E,022.38`C,072.27`F,0,177.99,0024.12`C,101020.13,25.42,8.43
41:09.0,47.1751745*N,27.5398361667*E,022.38`C,072.27`F,0,177.99,0024.12`C,101019.75,25.45,8.41
41:15.5,47.1750735*N,27.539778*E,022.38`C,072.27`F,0,177.99,0024.12`C,101019.2,25.49,8.36
41:22.0,47.175003*N,27.5397395*E,022.38`C,072.27`F,0,176.26,0024.11`C,101018.83,25.52,8.39
41:28.5,47.1749775*N,27.5397195*E,022.38`C,072.27`F,0,176.26,0024.11`C,101019.15,25.5,8.45
41:35.1,47.174963*N,27.5397148333*E,022.31`C,072.16`F,0,176.26,0024.11`C,101018.95,25.51,8.32
41:41.6,47.1749771667*N,27.5397283333*E,022.31`C,072.16`F,0,176.26,0024.10`C,101018.34,25.56,8.39
41:48.1,47.175016*N,27.539764*E,022.31`C,072.16`F,0,176.26,0024.09`C,101018.12,25.58,8.41
41:54.6,47.1750318333*N,27.53978*E,022.31`C,072.16`F,0,176.26,0024.09`C,101017.71,25.62,8.37
42:01.1,47.1750405*N,27.539788*E,022.31`C,072.16`F,0,176.26,0024.08`C,101017.66,25.62,8.39
42:07.7,47.1750778333*N,27.5398211667*E,022.31`C,072.16`F,0,176.26,0024.08`C,101018.31,25.57,8.38
42:14.4,47.1750933333*N,27.5398275*E,022.31`C,072.16`F,0,176.26,0024.07`C,101017.95,25.6,8.41
42:21.0,47.1751211667*N,27.5398456667*E,022.31`C,072.16`F,0,176.26,0024.07`C,101018.27,25.57,8.35
42:27.6,47.1751418333*N,27.5398618333*E,022.31`C,072.16`F,0,176.26,0024.07`C,101018.58,25.55,8.37
42:34.2,47.1750785*N,27.5398126667*E,022.31`C,072.16`F,0,176.26,0024.07`C,101018.55,25.55,8.41
42:40.8,47.1750488333*N,27.5397791667*E,022.31`C,072.16`F,0,176.26,0024.07`C,101018.72,25.53,8.42
42:47.4,47.1750295*N,27.5397845*E,022.31`C,072.16`F,0,176.26,0024.07`C,101019.61,25.46,8.46
42:54.0,47.1749921667*N,27.539783*E,022.31`C,072.16`F,0,176.26,0024.07`C,101019.09,25.5,8.37
43:00.7,47.1749771667*N,27.5397866667*E,022.31`C,072.16`F,0,174.54,0024.07`C,101018.92,25.52,8.41
43:07.2,47.1749496667*N,27.5397788333*E,022.31`C,072.16`F,0,174.54,0024.07`C,101018.41,25.56,8.35
43:13.7,47.1749233333*N,27.5397655*E,022.31`C,072.16`F,0,174.54,0024.07`C,101018.41,25.56,8.46
43:20.2,47.1748968333*N,27.5397511667*E,022.31`C,072.16`F,0,174.54,0024.07`C,101017.89,25.6,8.46
43:26.7,47.1748828333*N,27.5397443333*E,022.31`C,072.16`F,0,174.54,0024.07`C,101017.52,25.63,8.41
43:33.2,47.1748581667*N,27.5397306667*E,022.31`C,072.16`F,0,174.54,0024.07`C,101017.69,25.62,8.47
43:39.8,47.174842*N,27.5397215*E,022.31`C,072.16`F,0,174.54,0024.07`C,101018.2,25.57,8.45
43:46.3,47.1748261667*N,27.5397138333*E,022.31`C,072.16`F,0,174.54,0024.06`C,101017.83,25.61,8.45
43:52.8,47.174819*N,27.5397063333*E,022.31`C,072.16`F,0,174.54,0024.07`C,101018.38,25.56,8.42
43:59.3,47.1748026667*N,27.5397036667*E,022.31`C,072.16`F,0,174.54,0024.07`C,101018.2,25.57,8.43
44:05.8,47.1747905*N,27.5396988333*E,022.31`C,072.16`F,0,174.54,0024.07`C,101018.41,25.56,8.41
44:12.5,47.1747765*N,27.539691*E,022.31`C,072.16`F,0,174.54,0024.07`C,101018.41,25.56,8.41
44:19.1,47.1747703333*N,27.539692*E,022.31`C,072.16`F,0,174.54,0024.07`C,101018.95,25.51,8.43
44:25.7,47.174766*N,27.5396943333*E,022.31`C,072.16`F,0,174.54,0024.07`C,101019.13,25.5,8.38
44:32.3,47.1747506667*N,27.5396921667*E,022.31`C,072.16`F,0,174.54,0024.07`C,101019.5,25.47,8.46
44:38.9,47.1747745*N,27.539704*E,022.31`C,072.16`F,0,174.54,0024.08`C,101019.67,25.45,8.43
44:45.5,47.1748045*N,27.5397163333*E,022.31`C,072.16`F,0,174.54,0024.07`C,101019.16,25.5,8.36
44:52.2,47.1748325*N,27.5397273333*E,022.31`C,072.16`F,0,174.54,0024.07`C,101019.47,25.47,8.44
44:58.8,47.174851*N,27.5397313333*E,022.31`C,072.16`F,0,174.54,0024.06`C,101019.36,25.48,8.29
45:05.4,47.1748466667*N,27.5397235*E,022.31`C,072.16`F,0,174.54,0024.05`C,101019.81,25.44,8.39
45:11.9,47.1748641667*N,27.5397291667*E,022.31`C,072.16`F,0,174.54,0024.04`C,101019.53,25.46,8.4
45:18.4,47.1749028333*N,27.5397441667*E,022.31`C,072.16`F,0,174.54,0024.04`C,101019.47,25.47,8.33
45:24.9,47.1749253333*N,27.5397513333*E,022.31`C,072.16`F,0,174.54,0024.03`C,101018.88,25.52,8.41
45:31.4,47.1749701667*N,27.5397726667*E,022.31`C,072.16`F,0,174.54,0024.03`C,101019.88,25.44,8.42
45:38.0,47.1749966667*N,27.53979*E,022.31`C,072.16`F,0,174.54,0024.02`C,101020.22,25.41,8.36
45:44.5,47.1749915*N,27.5397861667*E,022.31`C,072.16`F,0,174.54,0024.02`C,101020.02,25.42,8.39
45:51.0,47.1749986667*N,27.539788*E,022.31`C,072.16`F,0,174.54,0024.02`C,101020.19,25.41,8.41
45:57.5,47.1749883333*N,27.5397778333*E,022.31`C,072.16`F,0,174.54,0024.02`C,101020.05,25.42,8.45
46:04.0,47.1749773333*N,27.5397745*E,022.31`C,072.16`F,0,174.54,0024.02`C,101019.88,25.44,8.32
46:10.6,47.1749301667*N,27.5397581667*E,022.31`C,072.16`F,0,174.54,0024.02`C,101019.67,25.45,8.39
46:17.2,47.174886*N,27.5397476667*E,022.31`C,072.16`F,0,174.54,0024.02`C,101019.67,25.45,8.39
46:23.8,47.1748578333*N,27.5397328333*E,022.31`C,072.16`F,0,174.54,0024.02`C,101020.05,25.42,8.42
46:30.5,47.1748328333*N,27.539719*E,022.31`C,072.16`F,0,174.54,0024.03`C,101020.73,25.36,8.45
46:37.1,47.1748193333*N,27.5397051667*E,022.31`C,072.16`F,0,176.26,0024.03`C,101020.39,25.39,8.3
46:43.7,47.174824*N,27.5397018333*E,022.31`C,072.16`F,0,176.26,0024.03`C,101020.63,25.37,8.33
46:50.3,47.174833*N,27.5397035*E,022.31`C,072.16`F,0,174.54,0024.03`C,101020.3,25.4,8.47
46:56.9,47.1748468333*N,27.5397025*E,022.31`C,072.16`F,0,174.54,0024.04`C,101020.7,25.37,8.4
47:03.5,47.1748615*N,27.539706*E,022.31`C,072.16`F,0,174.54,0024.04`C,101020.73,25.36,8.41
47:10.0,47.1748755*N,27.5397111667*E,022.38`C,072.27`F,0,174.54,0024.05`C,101020.59,25.38,8.43
47:16.6,47.1748965*N,27.53971*E,022.38`C,072.27`F,0,174.54,0024.05`C,101021,25.34,8.45
47:23.1,47.1749368333*N,27.5397233333*E,022.31`C,072.16`F,0,174.54,0024.06`C,101020.5,25.38,8.43
47:29.6,47.174963*N,27.539725*E,022.38`C,072.27`F,0,174.54,0024.06`C,101020.39,25.39,8.41
47:36.1,47.174989*N,27.5397195*E,022.38`C,072.27`F,0,174.54,0024.07`C,101020.09,25.42,8.32
47:42.6,47.1749775*N,27.5397066667*E,022.38`C,072.27`F,0,174.54,0024.07`C,101019.95,25.43,8.28
47:49.1,47.174943*N,27.5396818333*E,022.38`C,072.27`F,0,176.26,0024.07`C,101020.19,25.41,8.38
47:55.7,47.1748931667*N,27.5396558333*E,022.38`C,072.27`F,0,176.26,0024.08`C,101020.39,25.39,8.46
48:02.2,47.1748605*N,27.539629*E,022.38`C,072.27`F,0,176.26,0024.08`C,101019.92,25.43,8.37
48:08.8,47.174831*N,27.539606*E,022.38`C,072.27`F,0,176.26,0024.09`C,101020.33,25.4,8.42
48:15.4,47.1748076667*N,27.5395898333*E,022.44`C,072.39`F,0,176.26,0024.10`C,101020.39,25.39,8.34
48:22.0,47.1748096667*N,27.5395908333*E,022.44`C,072.39`F,0,176.26,0024.10`C,101020.47,25.39,8.26
48:28.6,47.1747911667*N,27.5395823333*E,022.44`C,072.39`F,0,176.26,0024.11`C,101020.04,25.42,8.36
48:35.2,47.1747483333*N,27.5395628333*E,022.44`C,072.39`F,0,176.26,0024.12`C,101019.95,25.43,8.27
48:41.8,47.174707*N,27.5395431667*E,022.44`C,072.39`F,0,176.26,0024.13`C,101020.2,25.41,8.4
48:48.4,47.1746653333*N,27.539522*E,022.44`C,072.39`F,0,176.26,0024.14`C,101020.5,25.38,8.44
48:55.0,47.1747551667*N,27.5395683333*E,022.44`C,072.39`F,0,176.26,0024.15`C,101020.58,25.38,8.45
49:01.6,47.1747495*N,27.539571*E,022.44`C,072.39`F,0,176.26,0024.16`C,101021.19,25.33,8.43
49:08.2,47.1747383333*N,27.5395691667*E,022.44`C,072.39`F,0,176.26,0024.17`C,101021.59,25.29,8.42
49:14.7,47.1747096667*N,27.53957*E,022.44`C,072.39`F,0,176.26,0024.17`C,101021.84,25.27,8.45
49:21.2,47.1747018333*N,27.5395618333*E,022.44`C,072.39`F,0,176.26,0024.18`C,101021.73,25.28,8.45
49:27.7,47.1746885*N,27.5395526667*E,022.44`C,072.39`F,0,176.26,0024.19`C,101022.02,25.26,8.44
49:34.2,47.1746743333*N,27.5395371667*E,022.44`C,072.39`F,0,176.26,0024.20`C,101021.03,25.34,8.47
49:40.8,47.1746701667*N,27.5395193333*E,022.50`C,072.50`F,0,176.26,0024.20`C,101020.72,25.37,8.44
00:25.4,47.1743135*N,27.5395166667*E,023.38`C,074.07`F,0,184.87,0024.97`C,101026.67,24.87,8.36
00:32.0,47.1743191667*N,27.539515*E,023.38`C,074.07`F,0,184.87,0024.97`C,101026.59,24.87,8.37
00:38.6,47.1743235*N,27.5395111667*E,023.38`C,074.07`F,0,184.87,0024.96`C,101026.56,24.88,8.33
00:45.3,47.1743233333*N,27.5395056667*E,023.38`C,074.07`F,0,184.87,0024.96`C,101026.73,24.86,8.37
00:51.9,47.174333*N,27.5395003333*E,023.38`C,074.07`F,0,184.87,0024.96`C,101027.43,24.81,8.33
00:58.5,47.1743473333*N,27.539496*E,023.38`C,074.07`F,0,184.87,0024.96`C,101027.25,24.82,8.29
01:05.1,47.1743543333*N,27.5394935*E,023.38`C,074.07`F,0,184.87,0024.96`C,101027.43,24.81,8.36
01:11.6,47.1743581667*N,27.5394925*E,023.38`C,074.07`F,0,184.87,0024.96`C,101027.6,24.79,8.34
01:18.1,47.174365*N,27.5394923333*E,023.38`C,074.07`F,0,184.87,0024.96`C,101027.06,24.84,8.29
01:24.6,47.174365*N,27.5394931667*E,023.38`C,074.07`F,0,184.87,0024.95`C,101026.58,24.88,8.33
01:31.2,47.1743651667*N,27.5394958333*E,023.38`C,074.07`F,0,184.87,0024.93`C,101026.98,24.84,8.29
01:37.7,47.1743658333*N,27.5395008333*E,023.38`C,074.07`F,0,184.87,0024.92`C,101027.07,24.83,8.37
01:44.2,47.174364*N,27.539503*E,023.31`C,073.96`F,0,184.87,0024.91`C,101027.28,24.82,8.42
01:52.7,47.1744616667*N,27.5394686667*E,023.31`C,073.96`F,0,184.87,0024.87`C,101027.47,24.8,8.34
01:59.2,47.1744245*N,27.5394813333*E,023.31`C,073.96`F,0,184.87,0024.86`C,101027.13,24.83,8.4
02:05.8,47.1743463333*N,27.539462*E,023.25`C,073.85`F,0,184.87,0024.85`C,101027.73,24.78,8.35
02:12.4,47.1742768333*N,27.5394371667*E,023.25`C,073.85`F,0,184.87,0024.83`C,101027.77,24.78,8.26
02:19.0,47.1742853333*N,27.539433*E,023.25`C,073.85`F,0,184.87,0024.82`C,101027.66,24.79,8.45
02:25.6,47.174327*N,27.5394293333*E,023.25`C,073.85`F,0,184.87,0024.81`C,101027.38,24.81,8.26
02:32.2,47.1743645*N,27.539429*E,023.25`C,073.85`F,0,184.87,0024.80`C,101026.75,24.86,8.38
02:38.9,47.1743906667*N,27.5394258333*E,023.25`C,073.85`F,0,184.87,0024.79`C,101026.67,24.87,8.42
02:45.5,47.1744018333*N,27.5394211667*E,023.25`C,073.85`F,0,183.15,0024.78`C,101026.41,24.89,8.24
02:52.1,47.1744611667*N,27.5394416667*E,023.25`C,073.85`F,0,181.43,0024.77`C,101026.67,24.87,8.46
02:58.7,47.1744513333*N,27.53944*E,023.25`C,073.85`F,0,179.71,0024.76`C,101027.13,24.83,8.42
03:05.3,47.174426*N,27.5394491667*E,023.19`C,073.74`F,0,179.71,0024.74`C,101026.94,24.85,8.26
03:11.8,47.1743806667*N,27.5394948333*E,023.19`C,073.74`F,0,179.71,0024.73`C,101027.32,24.81,8.33
03:18.3,47.1742533333*N,27.539463*E,023.19`C,073.74`F,0,179.71,0024.71`C,101027.18,24.83,8.34
03:24.8,47.1741535*N,27.539434*E,023.19`C,073.74`F,0,177.99,0024.70`C,101027.56,24.8,8.28
03:31.4,47.174124*N,27.5394083333*E,023.13`C,073.63`F,0,177.99,0024.69`C,101027.64,24.79,8.38
03:37.9,47.1741556667*N,27.5393951667*E,023.13`C,073.63`F,0,177.99,0024.68`C,101027.56,24.8,8.38
03:44.4,47.1741801667*N,27.5393813333*E,023.13`C,073.63`F,0,177.99,0024.67`C,101027.63,24.79,8.35
03:50.9,47.1742076667*N,27.539383*E,023.19`C,073.74`F,0,177.99,0024.66`C,101027.37,24.81,8.37
03:57.4,47.1742568333*N,27.5393876667*E,023.13`C,073.63`F,0,179.71,0024.65`C,101027.8,24.77,8.29
04:03.9,47.174274*N,27.5393861667*E,023.13`C,073.63`F,0,179.71,0024.65`C,101027.75,24.78,8.39
04:10.6,47.1743111667*N,27.5393893333*E,023.13`C,073.63`F,0,179.71,0024.64`C,101027.49,24.8,8.42
04:17.2,47.1743673333*N,27.5393933333*E,023.13`C,073.63`F,0,179.71,0024.64`C,101028.16,24.74,8.43
04:23.8,47.1744263333*N,27.5393985*E,023.13`C,073.63`F,0,177.99,0024.63`C,101028.13,24.75,8.22
04:30.4,47.1744633333*N,27.5394021667*E,023.13`C,073.63`F,0,179.71,0024.63`C,101027.95,24.76,8.43
04:37.0,47.174502*N,27.5394096667*E,023.13`C,073.63`F,0,179.71,0024.63`C,101027.78,24.78,8.43
04:43.6,47.1745133333*N,27.5394166667*E,023.13`C,073.63`F,0,177.99,0024.63`C,101027.44,24.81,8.26
04:50.2,47.1745101667*N,27.5394178333*E,023.13`C,073.63`F,0,177.99,0024.64`C,101028.16,24.74,8.34
04:56.8,47.1745398333*N,27.5394303333*E,023.13`C,073.63`F,0,177.99,0024.64`C,101028.19,24.74,8.27
05:03.4,47.1746056667*N,27.539464*E,023.13`C,073.63`F,0,177.99,0024.64`C,101028.36,24.73,8.37
05:12.0,47.1745971667*N,27.5394483333*E,023.13`C,073.63`F,0,179.71,0024.65`C,101029.53,24.63,8.4
05:18.5,47.1746006667*N,27.539431*E,023.13`C,073.63`F,0,179.71,0024.66`C,101029.73,24.61,8.44
05:25.0,47.1745491667*N,27.5394518333*E,023.13`C,073.63`F,0,179.71,0024.66`C,101029.95,24.59,8.28
05:31.5,47.1745155*N,27.5394645*E,023.13`C,073.63`F,0,179.71,0024.67`C,101030.19,24.58,8.34
05:38.0,47.1745818333*N,27.5394361667*E,023.13`C,073.63`F,0,177.99,0024.68`C,101030.45,24.55,8.41
05:44.6,47.1745358333*N,27.5395208333*E,023.13`C,073.63`F,0,177.99,0024.68`C,101029.61,24.62,8.4
05:51.1,47.1746065*N,27.5395221667*E,023.13`C,073.63`F,0,177.99,0024.68`C,101029.12,24.67,8.38
05:57.6,47.1746446667*N,27.5395313333*E,023.13`C,073.63`F,0,177.99,0024.68`C,101028.95,24.68,8.36
06:04.1,47.1746938333*N,27.5395476667*E,023.13`C,073.63`F,0,177.99,0024.69`C,101029.14,24.66,8.37
06:10.7,47.1745973333*N,27.5394946667*E,023.13`C,073.63`F,0,177.99,0024.69`C,101029.52,24.63,8.35
06:17.4,47.1746093333*N,27.5394668333*E,023.13`C,073.63`F,0,177.99,0024.69`C,101029.72,24.62,8.45
42:15.3,47.1747675*N,27.5394168333*E,023.19`C,073.74`F,0,606.95,0024.73`C,101029.73,24.61,8.56
42:22.0,47.1747658333*N,27.5394343333*E,023.19`C,073.74`F,0,606.95,0024.73`C,101029.7,24.62,8.47
42:28.6,47.1747518333*N,27.539445*E,023.19`C,073.74`F,0,606.95,0024.72`C,101030.02,24.59,8.59
43:53.3,47.1749785*N,27.5396986667*E,023.13`C,073.63`F,0,606.95,0024.62`C,101028.83,24.69,8.52
47:05.3,47.1749803333*N,27.539517*E,023.00`C,073.40`F,0,604.44,0024.52`C,101022.87,25.19,8.58
47:11.8,47.1749926667*N,27.5395431667*E,023.00`C,073.40`F,0,604.44,0024.52`C,101023.22,25.16,8.52
47:18.4,47.1750328333*N,27.5395543333*E,023.00`C,073.40`F,0,604.44,0024.51`C,101022.67,25.2,8.43
47:24.9,47.1751071667*N,27.5395615*E,023.00`C,073.40`F,0,604.44,0024.51`C,101022.13,25.25,8.49
47:33.4,47.1754265*N,27.5396305*E,023.00`C,073.40`F,0,606.95,0024.50`C,101022.7,25.2,8.54
47:39.9,47.1753916667*N,27.539685*E,023.00`C,073.40`F,0,606.95,0024.49`C,101022.5,25.22,8.58
47:46.4,47.1753441667*N,27.5397008333*E,023.00`C,073.40`F,0,606.95,0024.49`C,101022.27,25.24,8.58
47:52.9,47.1752723333*N,27.5397203333*E,023.00`C,073.40`F,0,604.44,0024.48`C,101022.56,25.21,8.59
47:59.5,47.1752403333*N,27.5397348333*E,023.00`C,073.40`F,0,604.44,0024.48`C,101023.05,25.17,8.56
48:06.0,47.1750736667*N,27.5396093333*E,023.00`C,073.40`F,0,604.44,0024.48`C,101023.2,25.16,8.52
48:12.6,47.1749805*N,27.5395405*E,023.00`C,073.40`F,0,604.44,0024.48`C,101023.02,25.17,8.55
48:19.2,47.1749533333*N,27.5395176667*E,023.00`C,073.40`F,0,604.44,0024.48`C,101022.68,25.2,8.58
48:25.8,47.1749568333*N,27.5395313333*E,023.00`C,073.40`F,0,604.44,0024.47`C,101022.3,25.23,8.48
48:32.4,47.174982*N,27.5395436667*E,023.00`C,073.40`F,0,604.44,0024.47`C,101022.48,25.22,8.58
48:39.0,47.1750115*N,27.5395426667*E,023.00`C,073.40`F,0,604.44,0024.47`C,101022.99,25.18,8.55
48:45.6,47.1750058333*N,27.5395406667*E,023.00`C,073.40`F,0,604.44,0024.47`C,101023.34,25.15,8.52
48:52.3,47.1749855*N,27.5395273333*E,023.00`C,073.40`F,0,604.44,0024.47`C,101022.99,25.18,8.53
48:58.9,47.1749983333*N,27.5395365*E,023.00`C,073.40`F,0,604.44,0024.47`C,101022.99,25.18,8.57
49:05.5,47.1750213333*N,27.5395418333*E,023.00`C,073.40`F,0,604.44,0024.47`C,101022.8,25.19,8.59
49:12.0,47.1750258333*N,27.53954*E,023.00`C,073.40`F,0,604.44,0024.47`C,101023.11,25.17,8.46
49:18.5,47.1750225*N,27.5395348333*E,023.00`C,073.40`F,0,604.44,0024.46`C,101022.16,25.24,8.54
49:25.0,47.1750135*N,27.5395318333*E,023.00`C,073.40`F,0,604.44,0024.46`C,101021.97,25.26,8.58
49:31.5,47.1750151667*N,27.5395373333*E,023.00`C,073.40`F,0,604.44,0024.45`C,101021.73,25.28,8.5
49:38.0,47.175002*N,27.5395296667*E,023.00`C,073.40`F,0,606.95,0024.45`C,101022.05,25.25,8.53
49:44.6,47.1749768333*N,27.5395118333*E,023.00`C,073.40`F,0,604.44,0024.45`C,101022.02,25.26,8.53
49:51.1,47.174969*N,27.5395063333*E,022.94`C,073.29`F,0,604.44,0024.44`C,101021.83,25.27,8.53
49:57.6,47.1749571667*N,27.539496*E,023.00`C,073.40`F,0,604.44,0024.44`C,101021.77,25.28,8.52
50:04.1,47.174944*N,27.5394876667*E,023.00`C,073.40`F,0,604.44,0024.43`C,101022.05,25.25,8.55
50:10.7,47.1749333333*N,27.5394786667*E,022.94`C,073.29`F,0,604.44,0024.43`C,101022,25.26,8.55
50:17.3,47.1749516667*N,27.5394901667*E,023.00`C,073.40`F,0,604.44,0024.42`C,101022.83,25.19,8.54
50:23.9,47.1749741667*N,27.5395028333*E,022.94`C,073.29`F,0,604.44,0024.42`C,101022.95,25.18,8.56
50:30.5,47.1750391667*N,27.539555*E,022.94`C,073.29`F,0,604.44,0024.41`C,101023.09,25.17,8.48
50:37.1,47.1751218333*N,27.5396258333*E,022.94`C,073.29`F,0,604.44,0024.41`C,101022,25.26,8.57
50:43.7,47.175141*N,27.5396441667*E,022.94`C,073.29`F,0,604.44,0024.41`C,101021.83,25.27,8.45
50:50.4,47.175159*N,27.539658*E,022.94`C,073.29`F,0,604.44,0024.40`C,101021.8,25.28,8.54
50:57.0,47.1751611667*N,27.5396613333*E,022.94`C,073.29`F,0,604.44,0024.40`C,101021.26,25.32,8.51
51:03.6,47.1751638333*N,27.5396605*E,022.94`C,073.29`F,0,604.44,0024.40`C,101021.06,25.34,8.55
51:10.1,47.1751608333*N,27.5396535*E,022.94`C,073.29`F,0,604.44,0024.40`C,101021.06,25.34,8.55
51:16.6,47.175161*N,27.5396485*E,022.94`C,073.29`F,0,604.44,0024.40`C,101020.89,25.35,8.58
51:23.2,47.1751575*N,27.5396426667*E,022.94`C,073.29`F,0,604.44,0024.40`C,101020.86,25.35,8.59
51:29.7,47.1751485*N,27.5396311667*E,022.94`C,073.29`F,0,604.44,0024.40`C,101021.2,25.33,8.48
51:36.2,47.1751426667*N,27.5396186667*E,022.94`C,073.29`F,0,604.44,0024.40`C,101021.03,25.34,8.45
51:42.7,47.1751326667*N,27.5396038333*E,022.94`C,073.29`F,0,604.44,0024.40`C,101021.41,25.31,8.46
51:49.2,47.175122*N,27.539588*E,022.94`C,073.29`F,0,604.44,0024.40`C,101020.86,25.35,8.5
51:55.8,47.1751135*N,27.5395723333*E,022.94`C,073.29`F,0,604.44,0024.40`C,101021.06,25.34,8.55
52:02.3,47.1751085*N,27.5395633333*E,022.94`C,073.29`F,0,604.44,0024.40`C,101020.89,25.35,8.61
52:08.9,47.1751003333*N,27.5395505*E,022.94`C,073.29`F,0,604.44,0024.40`C,101021.26,25.32,8.6
52:15.5,47.1750893333*N,27.5395393333*E,022.94`C,073.29`F,0,604.44,0024.40`C,101020.91,25.35,8.55
52:22.1,47.175079*N,27.539529*E,022.88`C,073.18`F,0,604.44,0024.40`C,101020.56,25.38,8.55
52:28.7,47.1750645*N,27.5395131667*E,022.94`C,073.29`F,0,604.44,0024.40`C,101020.22,25.41,8.58
52:35.3,47.1750506667*N,27.5394896667*E,022.88`C,073.18`F,0,604.44,0024.40`C,101020.25,25.41,8.52
52:41.9,47.1750381667*N,27.5394688333*E,022.88`C,073.18`F,0,604.44,0024.41`C,101020.63,25.37,8.52
52:48.6,47.175034*N,27.5394645*E,022.88`C,073.18`F,0,604.44,0024.41`C,101020.45,25.39,8.54
52:55.2,47.175016*N,27.5394456667*E,022.88`C,073.18`F,0,604.44,0024.41`C,101020.45,25.39,8.57
53:01.8,47.1750038333*N,27.5394308333*E,022.88`C,073.18`F,0,604.44,0024.41`C,101020.45,25.39,8.6
53:08.3,47.1749903333*N,27.5394065*E,022.88`C,073.18`F,0,604.44,0024.41`C,101020.45,25.39,8.49
53:14.8,47.1749805*N,27.5393875*E,022.88`C,073.18`F,0,604.44,0024.40`C,101020.42,25.39,8.52
53:21.3,47.174974*N,27.5393693333*E,022.88`C,073.18`F,0,604.44,0024.40`C,101020.22,25.41,8.54
53:27.9,47.1749615*N,27.5393423333*E,022.88`C,073.18`F,0,604.44,0024.40`C,101020.71,25.37,8.57
53:34.4,47.1749568333*N,27.539317*E,022.88`C,073.18`F,0,604.44,0024.40`C,101021.2,25.33,8.59
53:40.9,47.1749598333*N,27.5393036667*E,022.88`C,073.18`F,0,604.44,0024.39`C,101021,25.34,8.51
53:47.4,47.1749621667*N,27.5392925*E,022.88`C,073.18`F,0,604.44,0024.39`C,101021,25.34,8.59
53:53.9,47.1749695*N,27.5392893333*E,022.88`C,073.18`F,0,604.44,0024.39`C,101020.31,25.4,8.51
54:00.5,47.1749663333*N,27.5392895*E,022.88`C,073.18`F,0,604.44,0024.40`C,101020.86,25.35,8.57
54:07.1,47.174986*N,27.5392991667*E,022.88`C,073.18`F,0,604.44,0024.40`C,101021.2,25.33,8.52
54:13.7,47.1750141667*N,27.5393158333*E,022.88`C,073.18`F,0,604.44,0024.40`C,101021.41,25.31,8.56
54:20.3,47.175028*N,27.5393341667*E,022.88`C,073.18`F,0,604.44,0024.40`C,101021.58,25.29,8.56
54:26.9,47.175044*N,27.5393501667*E,022.88`C,073.18`F,0,604.44,0024.40`C,101021.95,25.26,8.52
54:33.6,47.1750563333*N,27.5393661667*E,022.88`C,073.18`F,0,604.44,0024.40`C,101021.6,25.29,8.56
54:40.2,47.1750635*N,27.5393813333*E,022.88`C,073.18`F,0,601.95,0024.40`C,101021.78,25.28,8.56
54:46.8,47.1750735*N,27.539396*E,022.88`C,073.18`F,0,601.95,0024.40`C,101022.32,25.23,8.56
54:53.4,47.1750783333*N,27.5394121667*E,022.88`C,073.18`F,0,601.95,0024.41`C,101022.52,25.22,8.6
55:00.0,47.1750788333*N,27.5394316667*E,022.88`C,073.18`F,0,601.95,0024.41`C,101022.34,25.23,8.53
55:06.5,47.1750756667*N,27.5394513333*E,022.88`C,073.18`F,0,601.95,0024.40`C,101021.63,25.29,8.55
55:13.1,47.1750763333*N,27.5394786667*E,022.88`C,073.18`F,0,604.44,0024.41`C,101022.01,25.26,8.6
55:19.6,47.1750676667*N,27.5394965*E,022.88`C,073.18`F,0,604.44,0024.41`C,101022.01,25.26,8.52
55:26.1,47.1750696667*N,27.5395198333*E,022.88`C,073.18`F,0,604.44,0024.41`C,101022.01,25.26,8.49
55:32.6,47.1750826667*N,27.5395533333*E,022.88`C,073.18`F,0,604.44,0024.41`C,101021.83,25.27,8.53
55:39.1,47.1750898333*N,27.5395761667*E,022.88`C,073.18`F,0,604.44,0024.41`C,101021.69,25.28,8.6
55:45.7,47.1750648333*N,27.5395705*E,022.88`C,073.18`F,0,606.95,0024.41`C,101021.89,25.27,8.54
55:52.2,47.1750258333*N,27.5395488333*E,022.88`C,073.18`F,0,606.95,0024.42`C,101022.27,25.24,8.53
55:58.7,47.1749881667*N,27.5395286667*E,022.88`C,073.18`F,0,606.95,0024.42`C,101022.14,25.25,8.52
56:05.2,47.1749835*N,27.5395301667*E,022.88`C,073.18`F,0,606.95,0024.42`C,101021.45,25.31,8.52
56:11.8,47.1749833333*N,27.5395331667*E,022.88`C,073.18`F,0,606.95,0024.42`C,101021.28,25.32,8.58
56:18.4,47.1749761667*N,27.539529*E,022.88`C,073.18`F,0,606.95,0024.42`C,101021.28,25.32,8.53
56:25.0,47.1749556667*N,27.5395208333*E,022.88`C,073.18`F,0,606.95,0024.42`C,101021.8,25.28,8.58
56:31.7,47.1749416667*N,27.5395143333*E,022.88`C,073.18`F,0,606.95,0024.42`C,101021.97,25.26,8.59
56:38.3,47.1749313333*N,27.5395065*E,022.88`C,073.18`F,0,606.95,0024.42`C,101021.42,25.31,8.54
56:44.9,47.1749146667*N,27.5394956667*E,022.88`C,073.18`F,0,606.95,0024.42`C,101021.42,25.31,8.52
56:51.5,47.1749065*N,27.539495*E,022.88`C,073.18`F,0,606.95,0024.42`C,101020.73,25.36,8.6
56:58.1,47.174898*N,27.539495*E,022.88`C,073.18`F,0,606.95,0024.42`C,101021.25,25.32,8.47
57:04.7,47.1748895*N,27.5394926667*E,022.88`C,073.18`F,0,606.95,0024.42`C,101020.53,25.38,8.6
57:11.2,47.1748866667*N,27.5394951667*E,022.88`C,073.18`F,0,606.95,0024.42`C,101020.05,25.42,8.57
57:17.8,47.1748698333*N,27.5394836667*E,022.88`C,073.18`F,0,606.95,0024.42`C,101020.05,25.42,8.53
57:24.3,47.1748531667*N,27.539472*E,022.88`C,073.18`F,0,606.95,0024.42`C,101020.42,25.39,8.51
57:30.8,47.1748233333*N,27.5394515*E,022.88`C,073.18`F,0,606.95,0024.42`C,101019.88,25.44,8.5
57:37.3,47.1748366667*N,27.5394728333*E,022.94`C,073.29`F,0,606.95,0024.42`C,101020.22,25.41,8.52
57:43.8,47.1748471667*N,27.5395113333*E,022.88`C,073.18`F,0,606.95,0024.42`C,101020.22,25.41,8.57
57:50.3,47.174823*N,27.5394881667*E,022.88`C,073.18`F,0,606.95,0024.42`C,101020.22,25.41,8.58
57:56.9,47.1747958333*N,27.5394625*E,022.94`C,073.29`F,0,606.95,0024.42`C,101020.22,25.41,8.59
58:03.4,47.1747865*N,27.5394396667*E,022.88`C,073.18`F,0,606.95,0024.42`C,101020.91,25.35,8.47
58:10.0,47.1747783333*N,27.5394166667*E,022.88`C,073.18`F,0,606.95,0024.42`C,101021.22,25.32,8.58
58:16.6,47.1747733333*N,27.5394118333*E,022.88`C,073.18`F,0,606.95,0024.41`C,101021.38,25.31,8.6
58:23.2,47.1747695*N,27.5394058333*E,022.88`C,073.18`F,0,606.95,0024.41`C,101021.72,25.28,8.56
58:29.8,47.1747651667*N,27.5394003333*E,022.88`C,073.18`F,0,604.44,0024.41`C,101021.17,25.33,8.52
58:36.4,47.1747641667*N,27.539398*E,022.94`C,073.29`F,0,604.44,0024.41`C,101020.63,25.37,8.6
58:43.0,47.1747635*N,27.5394135*E,022.88`C,073.18`F,0,604.44,0024.41`C,101020.63,25.37,8.54
58:49.7,47.1747556667*N,27.5394296667*E,022.88`C,073.18`F,0,604.44,0024.41`C,101020.63,25.37,8.6
58:56.3,47.1747651667*N,27.5394413333*E,022.94`C,073.29`F,0,604.44,0024.41`C,101020.8,25.36,8.55
59:02.9,47.1747791667*N,27.5394286667*E,022.88`C,073.18`F,0,604.44,0024.41`C,101020.97,25.34,8.54
59:09.4,47.1747431667*N,27.5394401667*E,022.88`C,073.18`F,0,604.44,0024.41`C,101020.97,25.34,8.49
59:15.9,47.1747326667*N,27.5394545*E,022.88`C,073.18`F,0,604.44,0024.41`C,101020.8,25.36,8.51
59:22.4,47.1747218333*N,27.5394676667*E,022.88`C,073.18`F,0,604.44,0024.41`C,101020.8,25.36,8.57
59:28.9,47.1747026667*N,27.539473*E,022.88`C,073.18`F,0,601.95,0024.40`C,101020.59,25.38,8.58
08:35.2,47.1750118333*N,27.5394291667*E,023.00`C,073.40`F,0,669.79,0024.58`C,101018.66,25.54,8.41
08:54.3,47.1749948333*N,27.5394461667*E,023.00`C,073.40`F,0,669.79,0024.57`C,101020.32,25.4,8.4
09:00.9,47.1749911667*N,27.5394393333*E,023.00`C,073.40`F,0,669.79,0024.57`C,101020.64,25.37,8.37
09:07.4,47.1749806667*N,27.5394375*E,023.00`C,073.40`F,0,669.79,0024.57`C,101020.58,25.38,8.28
09:13.9,47.17497*N,27.539436*E,023.00`C,073.40`F,0,669.79,0024.56`C,101020.55,25.38,8.41
09:20.4,47.1749576667*N,27.5394323333*E,023.00`C,073.40`F,0,669.79,0024.56`C,101020.91,25.35,8.29
09:27.0,47.1749478333*N,27.5394276667*E,023.00`C,073.40`F,0,669.79,0024.56`C,101020.19,25.41,8.48
09:33.5,47.1749348333*N,27.5394231667*E,023.00`C,073.40`F,0,669.79,0024.56`C,101020.53,25.38,8.29
09:40.0,47.174925*N,27.5394173333*E,023.00`C,073.40`F,0,669.79,0024.56`C,101021.42,25.31,8.47
09:46.5,47.1749208333*N,27.5394105*E,023.00`C,073.40`F,0,669.79,0024.56`C,101021.56,25.29,8.4
09:53.0,47.1749181667*N,27.5394046667*E,023.00`C,073.40`F,0,669.79,0024.56`C,101021.36,25.31,8.44
09:59.6,47.1749193333*N,27.5394026667*E,023.00`C,073.40`F,0,669.79,0024.55`C,101021.51,25.3,8.39
10:06.1,47.1749201667*N,27.5393985*E,023.00`C,073.40`F,0,669.79,0024.55`C,101021.83,25.27,8.52
10:12.7,47.17493*N,27.5393936667*E,023.00`C,073.40`F,0,669.79,0024.55`C,101021.45,25.31,8.34
10:19.3,47.1749435*N,27.5393886667*E,023.00`C,073.40`F,0,669.79,0024.55`C,101021.45,25.31,8.54
10:25.9,47.1749658333*N,27.539382*E,023.00`C,073.40`F,0,667.07,0024.54`C,101020.73,25.36,8.36
10:32.5,47.1749896667*N,27.5393748333*E,023.00`C,073.40`F,0,667.07,0024.54`C,101020.67,25.37,8.54
10:39.1,47.1750176667*N,27.5393686667*E,023.00`C,073.40`F,0,664.35,0024.54`C,101021,25.34,8.5
10:45.7,47.1750515*N,27.5393625*E,023.00`C,073.40`F,0,664.35,0024.53`C,101020.97,25.34,8.56
10:52.4,47.1751901667*N,27.5393001667*E,023.00`C,073.40`F,0,664.35,0024.53`C,101020.77,25.36,8.5
10:59.0,47.1752336667*N,27.5392875*E,023.00`C,073.40`F,0,664.35,0024.53`C,101020.73,25.36,8.57
11:05.6,47.1752465*N,27.5392943333*E,023.00`C,073.40`F,0,664.35,0024.53`C,101020.91,25.35,8.48
11:12.1,47.175242*N,27.5393056667*E,023.00`C,073.40`F,0,664.35,0024.52`C,101021.41,25.31,8.49
11:18.6,47.1751691667*N,27.5393723333*E,023.00`C,073.40`F,0,664.35,0024.52`C,101021.41,25.31,8.33
11:25.1,47.1750548333*N,27.539461*E,023.00`C,073.40`F,0,664.35,0024.52`C,101022.09,25.25,8.49
11:31.7,47.1750158333*N,27.539489*E,023.00`C,073.40`F,0,661.64,0024.52`C,101021.69,25.28,8.39
11:38.2,47.1750001667*N,27.5394901667*E,023.00`C,073.40`F,0,661.64,0024.52`C,101021.66,25.29,8.54
11:44.7,47.1749733333*N,27.5394841667*E,023.00`C,073.40`F,0,664.35,0024.51`C,101021.98,25.26,8.38
11:51.2,47.1749441667*N,27.5394936667*E,023.00`C,073.40`F,0,664.35,0024.51`C,101021.8,25.28,8.53
11:57.7,47.174966*N,27.539475*E,022.94`C,073.29`F,0,664.35,0024.51`C,101021.78,25.28,8.5
12:06.3,47.1748036667*N,27.5394765*E,022.94`C,073.29`F,0,664.35,0024.49`C,101021.76,25.28,8.38
12:12.9,47.1749381667*N,27.5393463333*E,022.94`C,073.29`F,0,661.64,0024.48`C,101021.7,25.28,8.48
12:19.5,47.1749606667*N,27.5393356667*E,022.94`C,073.29`F,0,656.25,0024.48`C,101022.7,25.2,8.39
12:26.1,47.174987*N,27.5393305*E,022.94`C,073.29`F,0,661.64,0024.48`C,101022.33,25.23,8.52
12:32.7,47.1749866667*N,27.5393378333*E,022.94`C,073.29`F,0,664.35,0024.47`C,101022.25,25.24,8.4
12:39.3,47.1749818333*N,27.5393253333*E,022.94`C,073.29`F,0,664.35,0024.47`C,101022.56,25.21,8.45
12:45.9,47.1749893333*N,27.5393281667*E,022.88`C,073.18`F,0,664.35,0024.46`C,101022.34,25.23,8.41
12:52.6,47.1749768333*N,27.5393388333*E,022.88`C,073.18`F,0,664.35,0024.46`C,101022.85,25.19,8.45
12:59.2,47.1749795*N,27.5393456667*E,022.88`C,073.18`F,0,661.64,0024.45`C,101022.28,25.23,8.44
13:05.8,47.174993*N,27.5393553333*E,022.88`C,073.18`F,0,664.35,0024.45`C,101021.73,25.28,8.39
13:12.3,47.1749936667*N,27.5393741667*E,022.88`C,073.18`F,0,661.64,0024.45`C,101021.39,25.31,8.46
13:18.8,47.1749971667*N,27.5393723333*E,022.88`C,073.18`F,0,661.64,0024.45`C,101021.33,25.32,8.43
13:25.4,47.175015*N,27.5393798333*E,022.88`C,073.18`F,0,661.64,0024.44`C,101021.3,25.32,8.3
13:31.9,47.1750216667*N,27.5393971667*E,022.88`C,073.18`F,0,661.64,0024.44`C,101021.08,25.34,8.49
13:38.4,47.1750218333*N,27.5394086667*E,022.88`C,073.18`F,0,664.35,0024.43`C,101021.56,25.29,8.44
13:44.9,47.1750136667*N,27.5394058333*E,022.88`C,073.18`F,0,664.35,0024.43`C,101021.31,25.32,8.57
13:51.4,47.1750076667*N,27.5394063333*E,022.88`C,073.18`F,0,664.35,0024.42`C,101021.63,25.29,8.43
13:58.0,47.1749996667*N,27.5394165*E,022.88`C,073.18`F,0,664.35,0024.41`C,101021.03,25.34,8.45
14:04.5,47.1749968333*N,27.5394216667*E,022.88`C,073.18`F,0,661.64,0024.41`C,101021.14,25.33,8.4
14:11.1,47.1749946667*N,27.5394251667*E,022.88`C,073.18`F,0,656.25,0024.40`C,101020.71,25.37,8.32
14:17.7,47.1750043333*N,27.5394478333*E,022.81`C,073.06`F,0,653.58,0024.39`C,101020.66,25.37,8.54
14:24.3,47.1749865*N,27.5394673333*E,022.81`C,073.06`F,0,653.58,0024.39`C,101020.28,25.4,8.4
14:30.9,47.1749816667*N,27.5394701667*E,022.81`C,073.06`F,0,653.58,0024.38`C,101020.55,25.38,8.53
14:37.5,47.1749623333*N,27.5394621667*E,022.81`C,073.06`F,0,656.25,0024.38`C,101020.48,25.38,8.51
14:44.1,47.1749153333*N,27.5396741667*E,022.81`C,073.06`F,0,661.64,0024.37`C,101021.32,25.32,8.48
14:50.8,47.1749118333*N,27.5396641667*E,022.81`C,073.06`F,0,667.07,0024.37`C,101021.09,25.33,8.56
14:57.4,47.1749085*N,27.5396528333*E,022.81`C,073.06`F,0,661.64,0024.36`C,101021.41,25.31,8.44
15:04.0,47.1749045*N,27.5396395*E,022.81`C,073.06`F,0,656.25,0024.36`C,101020.98,25.34,8.56
15:10.5,47.1748973333*N,27.5396235*E,022.81`C,073.06`F,0,653.58,0024.35`C,101020.58,25.38,8.36
15:17.0,47.1748888333*N,27.5396105*E,022.81`C,073.06`F,0,653.58,0024.34`C,101020.52,25.38,8.45
15:23.5,47.174884*N,27.5396018333*E,022.81`C,073.06`F,0,653.58,0024.34`C,101020.67,25.37,8.37
15:30.0,47.174881*N,27.5395908333*E,022.81`C,073.06`F,0,658.94,0024.34`C,101020.3,25.4,8.44
15:36.6,47.1748775*N,27.5395756667*E,022.81`C,073.06`F,0,658.94,0024.33`C,101020.61,25.37,8.39
15:43.1,47.1748553333*N,27.5395336667*E,022.81`C,073.06`F,0,658.94,0024.33`C,101020.55,25.38,8.57
15:49.6,47.1748478333*N,27.53953*E,022.81`C,073.06`F,0,653.58,0024.33`C,101020.53,25.38,8.54
15:56.1,47.1748446667*N,27.539536*E,022.81`C,073.06`F,0,653.58,0024.33`C,101020.02,25.42,8.52
16:02.6,47.1748416667*N,27.5395436667*E,022.81`C,073.06`F,0,650.91,0024.33`C,101019.84,25.44,8.51
16:09.3,47.1748411667*N,27.5395493333*E,022.75`C,072.95`F,0,653.58,0024.33`C,101020.04,25.42,8.54
16:15.9,47.1748436667*N,27.539557*E,022.75`C,072.95`F,0,653.58,0024.33`C,101019.72,25.45,8.44
16:22.5,47.1748455*N,27.5395653333*E,022.75`C,072.95`F,0,653.58,0024.33`C,101019.58,25.46,8.53
16:29.1,47.1748485*N,27.5395745*E,022.75`C,072.95`F,0,653.58,0024.33`C,101019.41,25.47,8.56
16:35.7,47.1748538333*N,27.5395815*E,022.75`C,072.95`F,0,653.58,0024.34`C,101019.95,25.43,8.5
16:42.3,47.174858*N,27.5395843333*E,022.75`C,072.95`F,0,650.91,0024.34`C,101019.95,25.43,8.42
16:48.9,47.174861*N,27.5395835*E,022.75`C,072.95`F,0,653.58,0024.34`C,101019.29,25.48,8.48
16:55.5,47.1748655*N,27.539584*E,022.75`C,072.95`F,0,653.58,0024.34`C,101019.29,25.48,8.4
17:02.2,47.1748716667*N,27.5395855*E,022.75`C,072.95`F,0,653.58,0024.34`C,101019.27,25.49,8.44
17:08.7,47.1748765*N,27.5395853333*E,022.75`C,072.95`F,0,653.58,0024.33`C,101019.06,25.5,8.54
17:15.2,47.1748808333*N,27.5395838333*E,022.75`C,072.95`F,0,653.58,0024.33`C,101019.55,25.46,8.47
17:21.7,47.1748863333*N,27.5395811667*E,022.75`C,072.95`F,0,653.58,0024.33`C,101019.31,25.48,8.57
17:28.2,47.174893*N,27.5395743333*E,022.75`C,072.95`F,0,653.58,0024.32`C,101018.95,25.51,8.53
17:34.8,47.174898*N,27.5395666667*E,022.75`C,072.95`F,0,653.58,0024.32`C,101019.44,25.47,8.47
17:41.3,47.1749036667*N,27.5395578333*E,022.75`C,072.95`F,0,653.58,0024.32`C,101019.41,25.47,8.55
17:47.8,47.1749125*N,27.5395516667*E,022.75`C,072.95`F,0,656.25,0024.32`C,101019.58,25.46,8.5
17:54.3,47.1749238333*N,27.5395451667*E,022.75`C,072.95`F,0,656.25,0024.32`C,101019.23,25.49,8.47
18:00.8,47.1749345*N,27.5395395*E,022.75`C,072.95`F,0,656.25,0024.31`C,101019.2,25.49,8.56
18:07.4,47.174946*N,27.5395366667*E,022.75`C,072.95`F,0,653.58,0024.31`C,101019.38,25.48,8.59
18:14.1,47.1749545*N,27.539533*E,022.75`C,072.95`F,0,653.58,0024.31`C,101019.38,25.48,8.37
18:20.7,47.1749518333*N,27.5395255*E,022.75`C,072.95`F,0,653.58,0024.31`C,101019.38,25.48,8.52
18:27.3,47.1749371667*N,27.5395188333*E,022.69`C,072.84`F,0,656.25,0024.31`C,101018.83,25.52,8.53
18:33.9,47.1749418333*N,27.5395146667*E,022.69`C,072.84`F,0,653.58,0024.31`C,101018.8,25.52,8.44
18:40.5,47.1749351667*N,27.5395133333*E,022.69`C,072.84`F,0,650.91,0024.31`C,101018.8,25.52,8.47
18:47.1,47.1749173333*N,27.5395106667*E,022.69`C,072.84`F,0,650.91,0024.31`C,101018.95,25.51,8.54
18:53.7,47.1749036667*N,27.539511*E,022.69`C,072.84`F,0,650.91,0024.30`C,101018.92,25.52,8.51
19:00.3,47.1748991667*N,27.539512*E,022.69`C,072.84`F,0,650.91,0024.30`C,101018.52,25.55,8.5
19:06.8,47.174886*N,27.5395166667*E,022.69`C,072.84`F,0,650.91,0024.29`C,101018.58,25.55,8.53
19:13.4,47.1748635*N,27.5395231667*E,022.69`C,072.84`F,0,650.91,0024.28`C,101018.7,25.53,8.54
19:19.9,47.1748533333*N,27.53953*E,022.69`C,072.84`F,0,650.91,0024.27`C,101018.75,25.53,8.46
19:26.4,47.1748335*N,27.5395355*E,022.69`C,072.84`F,0,648.25,0024.26`C,101018.5,25.55,8.55
19:32.9,47.1748086667*N,27.5395383333*E,022.69`C,072.84`F,0,648.25,0024.25`C,101018.39,25.56,8.49
19:39.5,47.174783*N,27.5395388333*E,022.63`C,072.72`F,0,648.25,0024.23`C,101018.62,25.54,8.45
19:46.0,47.1747573333*N,27.5395401667*E,022.63`C,072.72`F,0,648.25,0024.23`C,101018.91,25.52,8.55
19:52.5,47.1747615*N,27.5395453333*E,022.63`C,072.72`F,0,648.25,0024.22`C,101018.65,25.54,8.49
19:59.0,47.1747488333*N,27.5395481667*E,022.63`C,072.72`F,0,648.25,0024.22`C,101018.27,25.57,8.52
20:05.5,47.1747393333*N,27.5395505*E,022.63`C,072.72`F,0,648.25,0024.21`C,101017.88,25.6,8.52
20:12.1,47.1747678333*N,27.5395548333*E,022.63`C,072.72`F,0,648.25,0024.21`C,101018.02,25.59,8.55
20:18.8,47.1747821667*N,27.5395591667*E,022.63`C,072.72`F,0,648.25,0024.20`C,101017.47,25.64,8.51
20:25.4,47.1748025*N,27.5395638333*E,022.63`C,072.72`F,0,648.25,0024.20`C,101017.27,25.65,8.52
20:32.0,47.1748105*N,27.5395676667*E,022.63`C,072.72`F,0,648.25,0024.20`C,101017.27,25.65,8.49
20:38.6,47.174804*N,27.5395683333*E,022.63`C,072.72`F,0,648.25,0024.20`C,101017.41,25.64,8.49
20:45.2,47.1746888333*N,27.5395343333*E,022.63`C,072.72`F,0,648.25,0024.19`C,101017.04,25.67,8.52
20:51.8,47.1746321667*N,27.5395141667*E,022.63`C,072.72`F,0,648.25,0024.19`C,101016.67,25.7,8.54
20:58.4,47.1746671667*N,27.5395248333*E,022.63`C,072.72`F,0,648.25,0024.19`C,101017.19,25.66,8.49
21:05.1,47.1747105*N,27.5395295*E,022.63`C,072.72`F,0,648.25,0024.19`C,101017.19,25.66,8.5
21:11.6,47.1747441667*N,27.5395326667*E,022.63`C,072.72`F,0,648.25,0024.19`C,101016.81,25.69,8.52
21:18.1,47.1747813333*N,27.5395348333*E,022.63`C,072.72`F,0,648.25,0024.19`C,101016.84,25.69,8.38
21:24.6,47.1748295*N,27.539558*E,022.63`C,072.72`F,0,648.25,0024.19`C,101016.7,25.7,8.56
21:31.1,47.1748675*N,27.5395675*E,022.63`C,072.72`F,0,648.25,0024.19`C,101016.52,25.71,8.53
21:37.7,47.1748981667*N,27.5395633333*E,022.69`C,072.84`F,0,648.25,0024.19`C,101016.7,25.7,8.54
21:44.2,47.1749093333*N,27.5395521667*E,022.63`C,072.72`F,0,648.25,0024.19`C,101016.52,25.71,8.47
21:50.7,47.1749196667*N,27.5395421667*E,022.63`C,072.72`F,0,648.25,0024.19`C,101017.04,25.67,8.58
21:57.2,47.1749271667*N,27.5395361667*E,022.63`C,072.72`F,0,648.25,0024.20`C,101016.73,25.7,8.52
22:03.7,47.1749218333*N,27.5395373333*E,022.63`C,072.72`F,0,648.25,0024.20`C,101016.41,25.73,8.45
22:10.3,47.1749231667*N,27.5395425*E,022.63`C,072.72`F,0,648.25,0024.20`C,101016.23,25.74,8.52
22:16.9,47.1749311667*N,27.5395473333*E,022.63`C,072.72`F,0,648.25,0024.20`C,101016.23,25.74,8.44
22:23.5,47.1749406667*N,27.5395523333*E,022.63`C,072.72`F,0,648.25,0024.20`C,101016.92,25.68,8.47
22:30.1,47.1749586667*N,27.5395591667*E,022.63`C,072.72`F,0,650.91,0024.20`C,101017.27,25.65,8.48
22:36.8,47.1749763333*N,27.5395605*E,022.63`C,072.72`F,0,650.91,0024.20`C,101017.44,25.64,8.47
22:43.4,47.1749948333*N,27.5395606667*E,022.63`C,072.72`F,0,650.91,0024.20`C,101017.27,25.65,8.58
22:50.0,47.175011*N,27.5395611667*E,022.63`C,072.72`F,0,656.25,0024.20`C,101017.06,25.67,8.45
22:56.6,47.1749866667*N,27.5395533333*E,022.63`C,072.72`F,0,650.91,0024.19`C,101016.88,25.69,8.48
23:03.2,47.174955*N,27.5395466667*E,022.63`C,072.72`F,0,650.91,0024.19`C,101016.7,25.7,8.49
23:09.7,47.1749565*N,27.5395491667*E,022.63`C,072.72`F,0,650.91,0024.20`C,101017.24,25.66,8.58
23:16.3,47.174945*N,27.5395518333*E,022.63`C,072.72`F,0,650.91,0024.20`C,101017.24,25.66,8.55
23:22.8,47.1749325*N,27.5395548333*E,022.63`C,072.72`F,0,650.91,0024.20`C,101016.92,25.68,8.55
23:29.3,47.1749253333*N,27.5395508333*E,022.63`C,072.72`F,0,650.91,0024.20`C,101016.41,25.73,8.55
23:35.8,47.174925*N,27.5395533333*E,022.69`C,072.84`F,0,650.91,0024.20`C,101015.89,25.77,8.53
23:42.3,47.1749273333*N,27.5395551667*E,022.63`C,072.72`F,0,650.91,0024.20`C,101016.23,25.74,8.48
23:48.8,47.1749253333*N,27.5395621667*E,022.69`C,072.84`F,0,648.25,0024.20`C,101016.41,25.73,8.5
23:55.4,47.1749241667*N,27.539566*E,022.69`C,072.84`F,0,648.25,0024.20`C,101016.75,25.7,8.54
24:01.9,47.1749326667*N,27.5395686667*E,022.69`C,072.84`F,0,648.25,0024.20`C,101016.44,25.72,8.53
24:08.5,47.1749468333*N,27.5395653333*E,022.63`C,072.72`F,0,648.25,0024.20`C,101016.09,25.75,8.48
24:15.1,47.1749395*N,27.5395568333*E,022.69`C,072.84`F,0,645.6,0024.20`C,101016.09,25.75,8.54
24:21.7,47.1749115*N,27.5395493333*E,022.69`C,072.84`F,0,648.25,0024.21`C,101016.3,25.74,8.54
24:28.3,47.1749033333*N,27.539529*E,022.69`C,072.84`F,0,645.6,0024.21`C,101016.13,25.75,8.47
24:34.9,47.1748986667*N,27.5395175*E,022.69`C,072.84`F,0,645.6,0024.21`C,101016.13,25.75,8.55
24:41.6,47.174884*N,27.5395048333*E,022.69`C,072.84`F,0,645.6,0024.21`C,101015.95,25.76,8.54
24:48.2,47.1749073333*N,27.5394966667*E,022.63`C,072.72`F,0,645.6,0024.20`C,101016.09,25.75,8.47
24:54.8,47.1749576667*N,27.5394893333*E,022.63`C,072.72`F,0,645.6,0024.20`C,101016.95,25.68,8.53
25:01.4,47.1750111667*N,27.5394771667*E,022.69`C,072.84`F,0,645.6,0024.20`C,101016.75,25.7,8.48
25:07.9,47.1750565*N,27.539468*E,022.69`C,072.84`F,0,645.6,0024.20`C,101016.9,25.69,8.52
25:14.4,47.1750875*N,27.539465*E,022.69`C,072.84`F,0,645.6,0024.20`C,101016.9,25.69,8.54
25:21.0,47.1750843333*N,27.5394651667*E,022.69`C,072.84`F,0,645.6,0024.20`C,101017.24,25.66,8.51
25:27.5,47.1750855*N,27.5394641667*E,022.69`C,072.84`F,0,645.6,0024.19`C,101016.88,25.69,8.5
25:34.0,47.1750891667*N,27.5394648333*E,022.69`C,072.84`F,0,645.6,0024.19`C,101017.19,25.66,8.52
25:40.5,47.1750923333*N,27.5394628333*E,022.63`C,072.72`F,0,645.6,0024.19`C,101016.95,25.68,8.5
25:47.0,47.1750993333*N,27.5394603333*E,022.69`C,072.84`F,0,645.6,0024.19`C,101017.13,25.66,8.55
25:53.6,47.1751063333*N,27.5394643333*E,022.69`C,072.84`F,0,645.6,0024.19`C,101016.95,25.68,8.52
26:00.1,47.1750861667*N,27.5394631667*E,022.69`C,072.84`F,0,645.6,0024.18`C,101016.41,25.73,8.51
26:06.7,47.1750453333*N,27.5394505*E,022.69`C,072.84`F,0,645.6,0024.18`C,101016.59,25.71,8.47
26:13.3,47.1750231667*N,27.5394411667*E,022.69`C,072.84`F,0,642.96,0024.18`C,101016.59,25.71,8.57
26:19.9,47.1749876667*N,27.5394305*E,022.69`C,072.84`F,0,642.96,0024.18`C,101017.27,25.65,8.54
26:26.5,47.1749585*N,27.5394221667*E,022.69`C,072.84`F,0,642.96,0024.18`C,101017.42,25.64,8.51
26:33.2,47.1749381667*N,27.539408*E,022.69`C,072.84`F,0,645.6,0024.18`C,101017.77,25.61,8.48
26:39.8,47.1749233333*N,27.5393945*E,022.69`C,072.84`F,0,645.6,0024.18`C,101017.56,25.63,8.57
26:46.4,47.1749103333*N,27.539388*E,022.69`C,072.84`F,0,645.6,0024.18`C,101017.56,25.63,8.46
26:53.0,47.1748968333*N,27.5393811667*E,022.69`C,072.84`F,0,645.6,0024.18`C,101017.39,25.64,8.56
26:59.6,47.1748936667*N,27.539377*E,022.69`C,072.84`F,0,645.6,0024.18`C,101017.22,25.66,8.54
27:06.2,47.174895*N,27.53937*E,022.69`C,072.84`F,0,645.6,0024.18`C,101017.56,25.63,8.49
27:12.7,47.1748928333*N,27.5393605*E,022.69`C,072.84`F,0,645.6,0024.17`C,101017.33,25.65,8.52
27:19.3,47.1748841667*N,27.5393596667*E,022.69`C,072.84`F,0,645.6,0024.17`C,101017.13,25.66,8.47
27:25.8,47.1748778333*N,27.5393555*E,022.69`C,072.84`F,0,645.6,0024.17`C,101016.61,25.71,8.57
27:32.3,47.174869*N,27.539357*E,022.69`C,072.84`F,0,645.6,0024.17`C,101016.41,25.73,8.46
27:38.8,47.174867*N,27.5393673333*E,022.69`C,072.84`F,0,645.6,0024.17`C,101016.59,25.71,8.56
27:45.3,47.1748573333*N,27.539367*E,022.69`C,072.84`F,0,645.6,0024.16`C,101017.08,25.67,8.58
27:51.9,47.1748265*N,27.539376*E,022.69`C,072.84`F,0,645.6,0024.16`C,101016.53,25.71,8.5
27:58.4,47.1748058333*N,27.5393963333*E,022.69`C,072.84`F,0,645.6,0024.16`C,101016.84,25.69,8.51
28:04.9,47.1747928333*N,27.5393978333*E,022.69`C,072.84`F,0,648.25,0024.15`C,101017.16,25.66,8.56
28:11.5,47.1747818333*N,27.5394063333*E,022.69`C,072.84`F,0,645.6,0024.15`C,101017.48,25.64,8.54
28:18.1,47.1747658333*N,27.539409*E,022.69`C,072.84`F,0,645.6,0024.15`C,101017.45,25.64,8.52
28:24.7,47.1747533333*N,27.5394111667*E,022.69`C,072.84`F,0,648.25,0024.15`C,101017.08,25.67,8.53
28:31.4,47.1747633333*N,27.5394306667*E,022.69`C,072.84`F,0,648.25,0024.14`C,101016.91,25.68,8.54
28:38.0,47.1747778333*N,27.539443*E,022.69`C,072.84`F,0,648.25,0024.14`C,101016.5,25.72,8.56
28:44.6,47.1747743333*N,27.5394328333*E,022.69`C,072.84`F,0,648.25,0024.14`C,101016.64,25.71,8.52
28:51.2,47.1747603333*N,27.5394155*E,022.69`C,072.84`F,0,648.25,0024.13`C,101016.45,25.72,8.5
28:57.8,47.17477*N,27.5394258333*E,022.69`C,072.84`F,0,648.25,0024.13`C,101016.07,25.75,8.54
29:04.4,47.1747735*N,27.5394356667*E,022.69`C,072.84`F,0,648.25,0024.13`C,101016.42,25.73,8.56
29:10.9,47.1747565*N,27.539424*E,022.69`C,072.84`F,0,648.25,0024.13`C,101016.59,25.71,8.43
29:17.4,47.1747391667*N,27.5393915*E,022.69`C,072.84`F,0,648.25,0024.13`C,101016.07,25.75,8.54
29:24.0,47.174739*N,27.539389*E,022.69`C,072.84`F,0,648.25,0024.13`C,101016.22,25.74,8.52
29:30.5,47.1747516667*N,27.5393841667*E,022.69`C,072.84`F,0,648.25,0024.12`C,101016.16,25.75,8.46
29:37.0,47.1747703333*N,27.5393815*E,022.69`C,072.84`F,0,650.91,0024.12`C,101015.78,25.78,8.48
29:43.5,47.174785*N,27.5393796667*E,022.69`C,072.84`F,0,656.25,0024.12`C,101016.11,25.75,8.54
29:50.0,47.1748035*N,27.5393826667*E,022.63`C,072.72`F,0,656.25,0024.12`C,101016.45,25.72,8.55
29:56.6,47.1748151667*N,27.539378*E,022.69`C,072.84`F,0,650.91,0024.11`C,101015.91,25.77,8.49
30:03.1,47.1748313333*N,27.539383*E,022.69`C,072.84`F,0,653.58,0024.11`C,101015.91,25.77,8.52
30:09.7,47.1748441667*N,27.5393953333*E,022.63`C,072.72`F,0,650.91,0024.11`C,101015.38,25.81,8.52
30:16.3,47.1748576667*N,27.5393836667*E,022.69`C,072.84`F,0,650.91,0024.12`C,101015.41,25.81,8.55
30:22.9,47.1748738333*N,27.5393763333*E,022.69`C,072.84`F,0,650.91,0024.12`C,101015.96,25.76,8.56
30:29.5,47.1748936667*N,27.5393571667*E,022.69`C,072.84`F,0,650.91,0024.12`C,101015.96,25.76,8.49
30:36.1,47.174894*N,27.5393461667*E,022.69`C,072.84`F,0,648.25,0024.12`C,101015.59,25.79,8.55
30:42.7,47.1748801667*N,27.5393325*E,022.63`C,072.72`F,0,648.25,0024.12`C,101015.59,25.79,8.49
30:49.4,47.1748621667*N,27.5393236667*E,022.69`C,072.84`F,0,648.25,0024.11`C,101015.36,25.81,8.57
30:56.0,47.1748975*N,27.5393576667*E,022.63`C,072.72`F,0,648.25,0024.11`C,101015.53,25.8,8.49
31:02.6,47.1748646667*N,27.5393851667*E,022.63`C,072.72`F,0,648.25,0024.10`C,101014.9,25.85,8.5
31:09.1,47.1748565*N,27.539405*E,022.63`C,072.72`F,0,648.25,0024.09`C,101015.33,25.82,8.56
31:15.6,47.1748725*N,27.5394313333*E,022.63`C,072.72`F,0,648.25,0024.08`C,101015.27,25.82,8.55
31:22.2,47.174893*N,27.539466*E,022.63`C,072.72`F,0,648.25,0024.07`C,101015.19,25.83,8.58
31:28.7,47.1749161667*N,27.5395058333*E,022.63`C,072.72`F,0,648.25,0024.07`C,101015.3,25.82,8.57
31:35.2,47.174886*N,27.5394961667*E,022.63`C,072.72`F,0,648.25,0024.06`C,101015.59,25.79,8.47
31:41.7,47.1748806667*N,27.539505*E,022.63`C,072.72`F,0,648.25,0024.06`C,101015.36,25.81,8.44
31:48.2,47.1747555*N,27.5394293333*E,022.63`C,072.72`F,0,648.25,0024.05`C,101015.08,25.84,8.58
31:54.8,47.1747718333*N,27.5394603333*E,022.63`C,072.72`F,0,648.25,0024.04`C,101014.5,25.88,8.52
32:01.3,47.1747788333*N,27.539492*E,022.63`C,072.72`F,0,648.25,0024.03`C,101014.93,25.85,8.52
32:07.9,47.1748018333*N,27.5395276667*E,022.56`C,072.61`F,0,648.25,0024.02`C,101014.67,25.87,8.5
32:14.5,47.174788*N,27.5394985*E,022.56`C,072.61`F,0,648.25,0024.01`C,101014.77,25.86,8.51
32:21.1,47.1747758333*N,27.5394878333*E,022.56`C,072.61`F,0,648.25,0024.01`C,101014.53,25.88,8.49
32:27.7,47.1747653333*N,27.5394856667*E,022.56`C,072.61`F,0,648.25,0024.00`C,101014.67,25.87,8.52
32:34.4,47.1747565*N,27.5394845*E,022.56`C,072.61`F,0,648.25,0024.00`C,101014.1,25.92,8.5
32:41.0,47.1747526667*N,27.5394786667*E,022.56`C,072.61`F,0,648.25,0024.00`C,101014.45,25.89,8.51
32:47.6,47.1747431667*N,27.5394721667*E,022.56`C,072.61`F,0,648.25,0024.00`C,101014.45,25.89,8.5
32:54.2,47.1747336667*N,27.5394715*E,022.56`C,072.61`F,0,648.25,0024.00`C,101014.42,25.89,8.58
33:00.8,47.1747205*N,27.5394553333*E,022.56`C,072.61`F,0,648.25,0024.00`C,101014.25,25.9,8.53
33:07.3,47.1747013333*N,27.5394466667*E,022.56`C,072.61`F,0,648.25,0024.00`C,101014.42,25.89,8.55
33:13.8,47.1746993333*N,27.5394478333*E,022.56`C,072.61`F,0,648.25,0024.00`C,101014.77,25.86,8.51
33:20.4,47.1746965*N,27.539449*E,022.56`C,072.61`F,0,648.25,0023.99`C,101014.56,25.88,8.56
33:26.9,47.174711*N,27.5394598333*E,022.56`C,072.61`F,0,645.6,0024.00`C,101014.94,25.85,8.52
33:33.4,47.1747215*N,27.5394825*E,022.56`C,072.61`F,0,648.25,0023.99`C,101014.56,25.88,8.56
33:39.9,47.1747271667*N,27.5394931667*E,022.56`C,072.61`F,0,648.25,0023.99`C,101014.7,25.87,8.5
33:46.4,47.1747376667*N,27.5394968333*E,022.56`C,072.61`F,0,645.6,0023.99`C,101014.48,25.89,8.52
33:53.0,47.1747508333*N,27.5395053333*E,022.56`C,072.61`F,0,645.6,0023.98`C,101014.63,25.88,8.53
33:59.5,47.174791*N,27.539545*E,022.56`C,072.61`F,0,645.6,0023.98`C,101014.08,25.92,8.52
34:06.0,47.1747936667*N,27.5395406667*E,022.56`C,072.61`F,0,645.6,0023.98`C,101014.25,25.9,8.55
34:12.6,47.1747996667*N,27.5395481667*E,022.56`C,072.61`F,0,645.6,0023.98`C,101014.3,25.9,8.56
34:19.3,47.1748116667*N,27.5395505*E,022.56`C,072.61`F,0,645.6,0023.99`C,101014.16,25.91,8.52
34:25.8,47.1748338333*N,27.5395661667*E,022.56`C,072.61`F,0,645.6,0023.99`C,101013.84,25.94,8.44
34:32.5,47.1748405*N,27.5395771667*E,022.56`C,072.61`F,0,645.6,0023.99`C,101014.56,25.88,8.5
34:39.1,47.1748526667*N,27.5395686667*E,022.56`C,072.61`F,0,645.6,0023.99`C,101014.91,25.85,8.52
34:45.7,47.1748523333*N,27.5395688333*E,022.56`C,072.61`F,0,645.6,0024.00`C,101014.94,25.85,8.52
34:52.3,47.1748515*N,27.5395665*E,022.56`C,072.61`F,0,645.6,0024.00`C,101014.59,25.88,8.5
34:58.9,47.1748495*N,27.5395605*E,022.56`C,072.61`F,0,645.6,0024.00`C,101014.59,25.88,8.45
35:05.5,47.1748588333*N,27.5395521667*E,022.56`C,072.61`F,0,645.6,0024.00`C,101015.3,25.82,8.56
35:12.0,47.174871*N,27.5395376667*E,022.56`C,072.61`F,0,645.6,0024.00`C,101015.14,25.83,8.55
35:18.6,47.1748865*N,27.5395298333*E,022.56`C,072.61`F,0,645.6,0024.00`C,101015.3,25.82,8.49
35:25.1,47.174896*N,27.5395245*E,022.56`C,072.61`F,0,645.6,0024.00`C,101015.45,25.8,8.56
35:31.6,47.1749125*N,27.539523*E,022.56`C,072.61`F,0,645.6,0023.99`C,101015.59,25.79,8.42
35:38.1,47.1749195*N,27.5395255*E,022.56`C,072.61`F,0,645.6,0023.99`C,101015.91,25.77,8.46
35:44.6,47.1749005*N,27.5395068333*E,022.56`C,072.61`F,0,645.6,0023.99`C,101015.71,25.78,8.49
35:51.2,47.174882*N,27.5394836667*E,022.56`C,072.61`F,0,645.6,0023.99`C,101015.86,25.77,8.51
35:58.0,47.1748748333*N,27.5394786667*E,022.56`C,072.61`F,0,645.6,0023.99`C,101015.34,25.82,8.47
36:04.5,47.1748741667*N,27.5394661667*E,022.56`C,072.61`F,0,645.6,0023.99`C,101014.48,25.89,8.45
36:11.1,47.1748721667*N,27.5394626667*E,022.56`C,072.61`F,0,645.6,0023.99`C,101014.7,25.87,8.45
36:17.8,47.174848*N,27.539436*E,022.56`C,072.61`F,0,648.25,0023.99`C,101014.73,25.87,8.55
36:24.4,47.1748446667*N,27.5394358333*E,022.56`C,072.61`F,0,648.25,0023.99`C,101014.73,25.87,8.59
36:31.0,47.174836*N,27.5394123333*E,022.56`C,072.61`F,0,648.25,0023.99`C,101014.7,25.87,8.47
36:37.6,47.1748383333*N,27.5394096667*E,022.56`C,072.61`F,0,648.25,0023.99`C,101014.85,25.85,8.54
36:44.2,47.1748428333*N,27.5393876667*E,022.56`C,072.61`F,0,648.25,0023.99`C,101014.99,25.84,8.54
36:50.8,47.1748326667*N,27.5393485*E,022.56`C,072.61`F,0,645.6,0023.99`C,101015.52,25.8,8.49
36:57.4,47.1748205*N,27.539315*E,022.56`C,072.61`F,0,645.6,0023.99`C,101015.52,25.8,8.5
37:04.0,47.1748361667*N,27.5392936667*E,022.56`C,072.61`F,0,645.6,0023.98`C,101015.34,25.82,8.48
37:10.6,47.1748528333*N,27.5392841667*E,022.56`C,072.61`F,0,645.6,0023.98`C,101015.52,25.8,8.57
37:17.1,47.1748843333*N,27.5392916667*E,022.56`C,072.61`F,0,645.6,0023.98`C,101015.11,25.83,8.56
37:23.6,47.1749168333*N,27.5393078333*E,022.56`C,072.61`F,0,648.25,0023.98`C,101014.91,25.85,8.49
37:30.1,47.1748878333*N,27.5393348333*E,022.56`C,072.61`F,0,648.25,0023.97`C,101015.05,25.84,8.55
37:36.6,47.1748315*N,27.5393306667*E,022.56`C,072.61`F,0,648.25,0023.97`C,101015.05,25.84,8.56
37:43.1,47.1748585*N,27.539311*E,022.56`C,072.61`F,0,648.25,0023.97`C,101014.88,25.85,8.47
37:49.7,47.1749085*N,27.5392998333*E,022.56`C,072.61`F,0,648.25,0023.98`C,101014.91,25.85,8.4
37:56.2,47.1749646667*N,27.5393041667*E,022.56`C,072.61`F,0,648.25,0023.98`C,101014.73,25.87,8.48
38:02.7,47.1749821667*N,27.5393218333*E,022.56`C,072.61`F,0,648.25,0023.98`C,101014.77,25.86,8.56
38:09.3,47.1750053333*N,27.5393375*E,022.56`C,072.61`F,0,648.25,0023.98`C,101014.97,25.85,8.46
38:15.9,47.174904*N,27.539348*E,022.56`C,072.61`F,0,648.25,0023.98`C,101015.31,25.82,8.48
38:22.5,47.1748511667*N,27.5393581667*E,022.56`C,072.61`F,0,648.25,0023.98`C,101015.86,25.77,8.54
38:29.1,47.1748041667*N,27.539372*E,022.56`C,072.61`F,0,648.25,0023.98`C,101015.34,25.82,8.55
38:35.8,47.1747768333*N,27.539384*E,022.56`C,072.61`F,0,648.25,0023.98`C,101015.48,25.8,8.54
38:42.4,47.1747306667*N,27.5393778333*E,022.56`C,072.61`F,0,648.25,0023.98`C,101015.97,25.76,8.51
38:49.0,47.1746803333*N,27.5393718333*E,022.56`C,072.61`F,0,648.25,0023.97`C,101016.26,25.74,8.51
38:55.6,47.1746293333*N,27.5393693333*E,022.56`C,072.61`F,0,648.25,0023.97`C,101016.61,25.71,8.51
39:02.2,47.1745928333*N,27.53937*E,022.56`C,072.61`F,0,648.25,0023.97`C,101016.95,25.68,8.46
39:08.7,47.1745956667*N,27.5393868333*E,022.56`C,072.61`F,0,648.25,0023.97`C,101016.77,25.7,8.58
39:15.2,47.1746603333*N,27.5394155*E,022.56`C,072.61`F,0,648.25,0023.97`C,101016.61,25.71,8.52
39:21.8,47.1747298333*N,27.5394398333*E,022.56`C,072.61`F,0,648.25,0023.97`C,101016.61,25.71,8.45
39:28.3,47.1747615*N,27.5394506667*E,022.56`C,072.61`F,0,648.25,0023.97`C,101016.61,25.71,8.49
39:34.8,47.174758*N,27.5394413333*E,022.56`C,072.61`F,0,645.6,0023.98`C,101016.98,25.68,8.45
39:41.3,47.1747575*N,27.5394276667*E,022.56`C,072.61`F,0,648.25,0023.98`C,101017.17,25.66,8.51
39:47.8,47.174711*N,27.5394145*E,022.56`C,072.61`F,0,645.6,0023.98`C,101017.17,25.66,8.52
39:54.4,47.1746728333*N,27.539415*E,022.56`C,072.61`F,0,648.25,0023.98`C,101017.35,25.65,8.51
40:00.9,47.1746715*N,27.5394171667*E,022.56`C,072.61`F,0,648.25,0023.98`C,101017.17,25.66,8.51
40:07.5,47.1746786667*N,27.5394153333*E,022.56`C,072.61`F,0,648.25,0023.98`C,101016.89,25.69,8.58
40:14.1,47.1747166667*N,27.5394106667*E,022.56`C,072.61`F,0,648.25,0023.99`C,101017.13,25.66,8.49
40:20.7,47.1747178333*N,27.5394068333*E,022.56`C,072.61`F,0,648.25,0024.00`C,101017.38,25.65,8.43
40:27.3,47.1747113333*N,27.5394101667*E,022.56`C,072.61`F,0,648.25,0024.01`C,101017.46,25.64,8.49
40:33.9,47.1747211667*N,27.5394063333*E,022.56`C,072.61`F,0,648.25,0024.02`C,101017.38,25.65,8.44
40:40.6,47.1747351667*N,27.5394241667*E,022.63`C,072.72`F,0,648.25,0024.03`C,101018.16,25.58,8.48
40:47.2,47.1747315*N,27.5394266667*E,022.63`C,072.72`F,0,648.25,0024.04`C,101018.09,25.59,8.43
40:53.8,47.1747353333*N,27.5394298333*E,022.63`C,072.72`F,0,648.25,0024.05`C,101018.17,25.58,8.57
41:00.4,47.1747478333*N,27.5394481667*E,022.56`C,072.61`F,0,648.25,0024.06`C,101018.44,25.56,8.54
41:06.9,47.174752*N,27.539456*E,022.56`C,072.61`F,0,648.25,0024.06`C,101018.32,25.57,8.54
41:13.4,47.174755*N,27.5394561667*E,022.63`C,072.72`F,0,648.25,0024.07`C,101018.41,25.56,8.53
41:19.9,47.1747623333*N,27.5394621667*E,022.63`C,072.72`F,0,648.25,0024.07`C,101018.13,25.58,8.58
41:26.5,47.1747543333*N,27.5394628333*E,022.56`C,072.61`F,0,648.25,0024.08`C,101018.34,25.56,8.55
41:33.0,47.1747643333*N,27.5394571667*E,022.56`C,072.61`F,0,648.25,0024.09`C,101018.75,25.53,8.51
41:39.5,47.1747731667*N,27.539446*E,022.63`C,072.72`F,0,648.25,0024.09`C,101019.13,25.5,8.55
41:46.0,47.1747768333*N,27.5394436667*E,022.63`C,072.72`F,0,650.91,0024.09`C,101018.98,25.51,8.58
41:52.5,47.1747891667*N,27.5394186667*E,022.63`C,072.72`F,0,650.91,0024.10`C,101018.83,25.52,8.53
41:59.1,47.1748131667*N,27.5394016667*E,022.63`C,072.72`F,0,650.91,0024.10`C,101018.55,25.55,8.56
42:05.6,47.1748281667*N,27.5393876667*E,022.63`C,072.72`F,0,648.25,0024.11`C,101018.63,25.54,8.34
42:12.2,47.1748258333*N,27.5393938333*E,022.63`C,072.72`F,0,648.25,0024.12`C,101018.41,25.56,8.33
42:18.8,47.1748176667*N,27.5393996667*E,022.63`C,072.72`F,0,648.25,0024.13`C,101018.83,25.52,8.21
42:25.4,47.1748263333*N,27.5394076667*E,022.63`C,072.72`F,0,648.25,0024.14`C,101018.91,25.52,8.18
42:32.0,47.174827*N,27.539412*E,022.63`C,072.72`F,0,648.25,0024.14`C,101018.42,25.56,8.16
42:38.6,47.1748396667*N,27.5394088333*E,022.63`C,072.72`F,0,650.91,0024.14`C,101017.91,25.6,8.03
42:45.2,47.1748401667*N,27.539408*E,022.63`C,072.72`F,0,653.58,0024.14`C,101018.42,25.56,8.14
42:51.8,47.1748345*N,27.5394018333*E,022.63`C,072.72`F,0,653.58,0024.14`C,101018.63,25.54,8.14
42:58.5,47.1748278333*N,27.5394031667*E,022.63`C,072.72`F,0,653.58,0024.14`C,101018.08,25.59,8.11
43:05.1,47.1748326667*N,27.5394035*E,022.63`C,072.72`F,0,658.94,0024.14`C,101018.25,25.57,8.05
43:11.6,47.174834*N,27.5394055*E,022.63`C,072.72`F,0,664.35,0024.14`C,101018.25,25.57,8.04
43:18.1,47.1748285*N,27.5394071667*E,022.63`C,072.72`F,0,680.8,0024.14`C,101018.25,25.57,8.07
43:24.6,47.1748265*N,27.5394111667*E,022.63`C,072.72`F,0,700.45,0024.14`C,101018.77,25.53,8.05
43:31.1,47.1748218333*N,27.5394146667*E,022.69`C,072.84`F,0,706.16,0024.14`C,101018.91,25.52,8.06
43:37.7,47.174822*N,27.5394081667*E,022.63`C,072.72`F,0,709.03,0024.14`C,101018.72,25.53,8.04
43:44.2,47.1748143333*N,27.5394023333*E,022.69`C,072.84`F,0,711.91,0024.14`C,101018.55,25.55,7.99
43:50.7,47.1748126667*N,27.5393935*E,022.69`C,072.84`F,0,714.8,0024.14`C,101018.89,25.52,8.04
43:57.2,47.1748135*N,27.5393838333*E,022.69`C,072.84`F,0,714.8,0024.14`C,101018.2,25.58,8.03
44:03.8,47.174814*N,27.5393735*E,022.69`C,072.84`F,0,714.8,0024.14`C,101017.86,25.6,7.97
44:10.4,47.1748155*N,27.5393595*E,022.69`C,072.84`F,0,717.7,0024.14`C,101018.03,25.59,8.07
44:17.0,47.1748056667*N,27.5393493333*E,022.69`C,072.84`F,0,717.7,0024.14`C,101018.03,25.59,8.07
44:23.6,47.1748005*N,27.5393368333*E,022.69`C,072.84`F,0,717.7,0024.14`C,101018.38,25.56,7.92
44:30.2,47.1748188333*N,27.539326*E,022.69`C,072.84`F,0,717.7,0024.14`C,101018.72,25.53,8
